ID,ACTIVITY_ID,QUESTION,IMAGE,TYPE,Category,LINK,,,,,,,,,,,,,,,,,,,
1,1,"What does the ""Stop Sign"" mean?",beginner1_stopsign.png,text,NORMAL,https://drive.google.com/open?id=1AY5_lBVEnag_Hv7pqu45xA5bios0hnWo&usp=drive_copy,,,,,,,,,,,,,,,,,,,
2,1,"What does the ""Give Way Sign"" mean?",beginner2_giveway.png,text,NORMAL,https://drive.google.com/open?id=1g8yyKdgDsZL5Eq0BVQW0_afeSzGHwA6O&usp=drive_copy,,,,,,,,,,,,,,,,,,,
3,1,"What does the ""Left Turner Must Give Way"" sign mean?",beginner3_leftturner.png,text,NORMAL,https://drive.google.com/open?id=10AjA3yKqheSlSfEGGPBsR9SWPIMYl5dU&usp=drive_copy,,,,,,,,,,,,,,,,,,,
4,1,"What does the ""No Turns"" sign mean?",beginner4_noturns.png,text,NORMAL,https://drive.google.com/open?id=1fzjCkwe9LY8ZGITT8hFLBjyzQi4Zbmbj&usp=drive_copy,,,,,,,,,,,,,,,,,,,
5,1,"What does the ""One Way"" sign mean?",beginner5_oneway.png,text,NORMAL,https://drive.google.com/open?id=14FnQJQ5AdI_EW3E1kKACBSomaATZSoOJ&usp=drive_copy,,,,,,,,,,,,,,,,,,,
6,1,"What does the ""Keep Right"" sign mean?",beginner6_keepright.png,text,NORMAL,https://drive.google.com/open?id=1dBlPOusLwpIAP3YeFkSbtwV89xm3xSad&usp=drive_copy,,,,,,,,,,,,,,,,,,,
7,1,"What does the ""Keep Left"" sign say?",beginner7_keepleft.webp,text,NORMAL,https://drive.google.com/open?id=14c3tYCXQy85c98hOLzCm65h8ALTmf5bL&usp=drive_copy,,,,,,,,,,,,,,,,,,,
8,1,"What does the ""Merging Traffic"" sign mean?",beginner10_mergingtraffic.png,text,NORMAL,https://drive.google.com/open?id=1ELbXw63GqJ9-puUhjMvbNPoXpOMrcqNw&usp=drive_copy,,,,,,,,,,,,,,,,,,,
9,1,"What does the ""No Entry for All Vehicles"" sign indicate?",beginner12_noentry.png,text,NORMAL,https://drive.google.com/open?id=1ShfRmIVk-ATngSCmEdFeTCoE4cVf1HLL&usp=drive_copy,,,,,,,,,,,,,,,,,,,
10,1,"What does the ""No Entry for Tricycles"" sign indicate?",beginner17_noentryfortricycles.png,text,NORMAL,https://drive.google.com/open?id=1yeZCqEIf7EPYSM7ULYoa3kPtGytkA5Dc&usp=drive_copy,,,,,,,,,,,,,,,,,,,
11,1,"What does the ""Use Overpass"" sign indicate?",beginner19_useoverpass.png,text,NORMAL,https://drive.google.com/open?id=1hCLYGafNMwlSNkDPThU7S_oOj61onyB0&usp=drive_copy,,,,,,,,,,,,,,,,,,,
12,1,"What does the ""No Right Turn"" sign mean?",beginner21_noright.png,text,NORMAL,https://drive.google.com/open?id=16Vilc3gAAIRmW9d0ERfnhj0PDHbWLbXt&usp=drive_copy,,,,,,,,,,,,,,,,,,,
13,1,"What does the ""No Left Turn"" sign mean?",beginner22_noleft.png,text,NORMAL,https://drive.google.com/open?id=1xRwwNxusNlp-YWOVZJKnEcpE6-diSMdK&usp=drive_copy,,,,,,,,,,,,,,,,,,,
14,1,"What does the ""No U-Turn"" sign indicate?",beginner23_nouturn.png,text,NORMAL,https://drive.google.com/open?id=1YyLcEkAMEwgcV4FRsd6iFLGoywhVkjVK&usp=drive_copy,,,,,,,,,,,,,,,,,,,
15,1,"What does the ""No Overtaking Zone"" sign signify?",beginner24_noovertaking.webp,text,NORMAL,https://drive.google.com/open?id=1W7jPpbgbMoTiHcVhuI5b0U0HmSvyT0mo&usp=drive_copy,,,,,,,,,,,,,,,,,,,
16,1,"What does a ""Maximum Speed Restriction"" sign mean?",beginner25_maximumspeed.png,text,NORMAL,https://drive.google.com/open?id=1D8FJvecfvR5uDauqX1iJfwBXo1KsEp8E&usp=drive_copy,,,,,,,,,,,,,,,,,,,
17,1,"What does the sign ""Loading and Unloading Zone"" indicate?",beginner28_loadingandunloading.png,text,NORMAL,https://drive.google.com/open?id=1j-Zql6aPypzimFZ--9D5neluWBwDJTIO&usp=drive_copy,,,,,,,,,,,,,,,,,,,
18,1,"What does the ""No Loading and Unloading Anytime"" sign indicate?",beginner30_noloading.png,text,NORMAL,https://drive.google.com/open?id=1niWBI8uss9z0etaBIJNLq0j6FZm7TL68&usp=drive_copy,,,,,,,,,,,,,,,,,,,
19,1,"What does the ""Bawal Magsakay at Magbaba"" sign mean?",beginner31_bawalmagsakay.png,text,NORMAL,https://drive.google.com/open?id=1-ttZdhYgmsi2A9VLmWS3zTushXXJg2nl&usp=drive_copy,,,,,,,,,,,,,,,,,,,
20,1,"What does the ""No Parking"" sign indicate?",beginner32_noparking.png,text,NORMAL,https://drive.google.com/open?id=1lZEoE2DI1Wasj51dF6N-q7OuWCP621HR&usp=drive_copy,,,,,,,,,,,,,,,,,,,
21,1,"The meaning of a ""No Parking: Bawal Pumarada"" sign is?",beginner33_noparkingbawalpumarada.png,text,NORMAL,https://drive.google.com/open?id=1qiMnCYW6ChjjfO5oKbF0bV6ggirnk5PQ&usp=drive_copy,,,,,,,,,,,,,,,,,,,
22,1,"Interpretation of what a ""No Parking: Tow-Away Zone"" sign denotes",beginner34_noparkingtowawayzone.webp,text,NORMAL,https://drive.google.com/open?id=1MmVAE7O27hGqyCWZiqXh7vtGbw9Y65-L&usp=drive_copy,,,,,,,,,,,,,,,,,,,
23,1,"What does the ""No Parking Anytime from Monday-Friday"" sign signify?",beginner35_noparkinganytime.png,text,NORMAL,https://drive.google.com/open?id=1ZlnJnpUnjYUMmuvVSgY9kTx3B3rghNZ8&usp=drive_copy,,,,,,,,,,,,,,,,,,,
24,1,"What does the ""Use Seat Belt Sign"" mean?",beginner37_useseatbelt.png,text,NORMAL,https://drive.google.com/open?id=1CDk6x2u3K7f1-dVrDUld_0ARsWBDBcvo&usp=drive_copy,,,,,,,,,,,,,,,,,,,
25,1,"What is the meaning of the ""No Blowing of Horns"" sign?",beginner38_noblowing.png,text,NORMAL,https://drive.google.com/open?id=1dFTBUY0w1Bpb4ROBlDpaiI9W_DbkoCZb&usp=drive_copy,,,,,,,,,,,,,,,,,,,
26,1,"What does the sign ""Be Aware of Pedestrian Crossing"" mean?",beginner39_beawareofpedestrian.webp,text,NORMAL,https://drive.google.com/open?id=1oqKZsnrJQc6yxOshQIYRX2Na-u5mHVLV&usp=drive_copy,,,,,,,,,,,,,,,,,,,
27,1,"What does the sign ""Be Aware of School Children Crossing"" mean?",beginner40_beawareofschool.png,text,NORMAL,https://drive.google.com/open?id=1w_9PA99BPo04jhyMdXllFf2FNIK1_C1w&usp=drive_copy,,,,,,,,,,,,,,,,,,,
28,1,"What does the sign ""Bike Lane Ahead"" mean?",beginner41_bikelaneahead.png,text,NORMAL,https://drive.google.com/open?id=1djvZMAjj8uXfG6e4lb4FvTFdjc4fFRAr&usp=drive_copy,,,,,,,,,,,,,,,,,,,
29,1,"What does the ""Be Aware of Persons with Disabilities Crossing"" sign mean?",beginner42_beawareofpersonswith.webp,text,NORMAL,https://drive.google.com/open?id=1TFxL2QOfP5NM5JD3c9-5z9kpUIQWHttt&usp=drive_copy,,,,,,,,,,,,,,,,,,,
30,1,"What does ""Sharp Turn (Right)"" say?",beginner43_sharpturnright.webp,text,NORMAL,https://drive.google.com/open?id=12NrziNbEAUQOhgB-DyNog42tmFevyxZQ&usp=drive_copy,,,,,,,,,,,,,,,,,,,
31,1,"What does the ""Curve (Right)"" sign indicate?",beginner47_curveright.webp,text,NORMAL,https://drive.google.com/open?id=1oi29Q9w1LZxK73HJzZsilxeMZqd75ogY&usp=drive_copy,,,,,,,,,,,,,,,,,,,
32,1,"What does the ""Curve (Left)"" sign mean?",beginner48_curveleft.webp,text,NORMAL,https://drive.google.com/open?id=15sUZR-lTbTmP8eQH1Z-pwy-pbn4rJiSe&usp=drive_copy,,,,,,,,,,,,,,,,,,,
33,1,"What does the ""Reverse Curve (Right)"" sign mean?",beginner49_reversecurveright.webp,text,NORMAL,https://drive.google.com/open?id=1lfYgkzzjoGR76x2hHcB7I1Npf3vnZpCG&usp=drive_copy,,,,,,,,,,,,,,,,,,,
34,1,"What does the ""Intersection Ahead"" sign indicate?",beginner55_intersectionahead.png,text,NORMAL,https://drive.google.com/open?id=1IDQ64-Z1Odb99tofKu_WdUaeR45wOuu2&usp=drive_copy,,,,,,,,,,,,,,,,,,,
35,1,"What does the ""Roundabout Ahead"" sign mean?",beginner61_roundabout.webp,text,NORMAL,https://drive.google.com/open?id=1mDdZ4w5loznt7uPyloxGyoeoYOfMpxqr&usp=drive_copy,,,,,,,,,,,,,,,,,,,
36,1,"What does the ""Traffic Lights Ahead"" sign mean?",beginner62_trafficlights.webp,text,NORMAL,https://drive.google.com/open?id=1Y3yBgsX0jAMb977GkDcBhPty8OcloF7m&usp=drive_copy,,,,,,,,,,,,,,,,,,,
37,1,"What does the ""Slow Down, Pedestrian Crossing Ahead"" sign mean?",beginner70_slowdownpedestrian.png,text,NORMAL,https://drive.google.com/open?id=1LnzW6U-lxhkcz1bw2nzQYasLvsDSsM39&usp=drive_copy,,,,,,,,,,,,,,,,,,,
38,1,"What does the ""Pedestrian Crossing Ahead"" sign indicate?",beginner71_pedestriancrossing.png,text,NORMAL,https://drive.google.com/open?id=16FTsoltWApqOlDJ7cCalYGojRxofpV2Y&usp=drive_copy,,,,,,,,,,,,,,,,,,,
39,1,"What does the ""Be Aware and Stop for Children Crossing Ahead"" sign indicate?",beginner72_beawareandstopforchildren.png,text,NORMAL,https://drive.google.com/open?id=1PGqRmn_nOUt02qKbGlc8Vy7V6xuAE5SV&usp=drive_copy,,,,,,,,,,,,,,,,,,,
40,1,"What does the ""Advice to Pedestrians to Cross at Designated Areas"" sign indicate?",beginner74_advicetothepedestrian.png,text,NORMAL,https://drive.google.com/open?id=18CDSyj_QoYAPGZg3phXz7jZ2Ig4C5uar&usp=drive_copy,,,,,,,,,,,,,,,,,,,
41,1,"What does the ""Be Aware and Slow Down on Bike Lane Ahead"" sign mean?",beginner75_beawareandslowdownonbike.png,text,NORMAL,https://drive.google.com/open?id=14ylxXd_7r_L4mij9Cj0Yv-04TtESWAlu&usp=drive_copy,,,,,,,,,,,,,,,,,,,
42,1,"What does ""Signs of School"" indicate?",beginner79_signsofschool.png,text,NORMAL,https://drive.google.com/open?id=1C284zaz9eKownjHBbXKwABt64aR-iZHD&usp=drive_copy,,,,,,,,,,,,,,,,,,,
43,1," What does the ""Signs of Playground"" mean?",beginner80_signsofplayground.png,text,NORMAL,https://drive.google.com/open?id=1GLTx-uCklS78ZMjjthn6ZP5siSTG8x9I&usp=drive_copy,,,,,,,,,,,,,,,,,,,
44,1,"What does the ""Maximum Height of a Vehicle Must Be 4.8 Meters or Less"" sign mean?",beginner81_maximumheight.webp,text,NORMAL,https://drive.google.com/open?id=19KC14spMf4C8Cnedexty7Mh8ep9hUOPJ&usp=drive_copy,,,,,,,,,,,,,,,,,,,
45,1,"What does the ""Slow Down, Accident-Prone Area"" sign mean?",beginner82_slowdownaccident.png,text,NORMAL,https://drive.google.com/open?id=1HaqVPeRrWfjV29tOIiWP97rpsBd8u13S&usp=drive_copy,,,,,,,,,,,,,,,,,,,
46,1,"What does the ""Stack Direction Sign (Multiple Destinations)"" display?",beginner84_stackdirectionsignmultiple.png,text,NORMAL,https://drive.google.com/open?id=1WiWBaoselJoI2nBLbbEJ-IcsjjnNA1wN&usp=drive_copy,,,,,,,,,,,,,,,,,,,
47,1,"What is ""Stack Direction Sign (Single Destination)""?",beginner85_stackdirectionsignsingle.png,text,NORMAL,https://drive.google.com/open?id=1X28XPntvH4LqIKz932jjiQscoBRO5rrB&usp=drive_copy,,,,,,,,,,,,,,,,,,,
48,1,"What does the ""Intersection Direction Sign (Right-Facing)"" indicate?",beginner87_intersectiondirectionsignright.png,text,NORMAL,https://drive.google.com/open?id=1DGta7Wu7cOLyo_1G2rQ44-nDmTVIQFsN&usp=drive_copy,,,,,,,,,,,,,,,,,,,
49,1,"What does the ""Intersection Direction Sign with Route Number and Road Name"" mean?",beginner90_intersectiondirectionsignwithroutenumber.png,text,NORMAL,https://drive.google.com/open?id=1XHMms3FufRfbxOsGEnaV66eXvMDN7lAc&usp=drive_copy,,,,,,,,,,,,,,,,,,,
50,1,"What does the ""Reassurance Direction Sign"" indicate?",beginner91_Reassurancedirectionsign.png,text,NORMAL,https://drive.google.com/open?id=1aepyHSqAeUYF0IIGzJU6ng3JVjoGfY2b&usp=drive_copy,,,,,,,,,,,,,,,,,,,
51,1,"What does a ""Toll Charges"" sign mean?",beginner97_tollcharges.png,text,NORMAL,https://drive.google.com/open?id=1MHRFUILAYcIfZWKKi-EWRJrJzBb2b-30&usp=drive_copy,,,,,,,,,,,,,,,,,,,
52,1,"What does the ""Lane Direction Signs"" indicate?",beginner98_lanedirectionsigns.png,text,NORMAL,https://drive.google.com/open?id=17l08Dmq2H3wNQ3cZtrhn9j6yNUSWkYnt&usp=drive_copy,,,,,,,,,,,,,,,,,,,
53,1,"What does the ""Use Overpass"" sign mean?",beginner100_useoverpass.png,text,NORMAL,https://drive.google.com/open?id=1ORso2gBco-jwXWJ9qjZQDMSugHT6U9tv&usp=drive_copy,,,,,,,,,,,,,,,,,,,
54,1,"What does the ""Check Brakes"" sign mean?",beginner103_checkbrakes.png,text,NORMAL,https://drive.google.com/open?id=1rXVI-FGfvhC9MpNXkhzw0XGMYf1jn4Ik&usp=drive_copy,,,,,,,,,,,,,,,,,,,
55,1,"What does the ""Reduce Speed"" sign mean?",beginner104_reducespeed.png,text,NORMAL,https://drive.google.com/open?id=1DdVwV6dnUkDewhef24Jjc3dCpnmvckL6&usp=drive_copy,,,,,,,,,,,,,,,,,,,
56,1,"What does the ""Road Closed"" sign mean?",beginner107_roadclosed.png,text,NORMAL,https://drive.google.com/open?id=1HaG2JW1lBz1jwBTmmRZ4JYe_vEXOGh4r&usp=drive_copy,,,,,,,,,,,,,,,,,,,
57,1,"What does the ""Road Narrows Ahead "" sign mean?",beginner109_roadnarrowsahead.png,text,NORMAL,https://drive.google.com/open?id=1wfaRSr0JolMa55uz2Oh87HIie6O_q0Ua&usp=drive_copy,,,,,,,,,,,,,,,,,,,
58,1,"What does the ""Narrow Bridge Ahead"" sign indicate?",beginner110_narrowbridgeahead.png,text,NORMAL,https://drive.google.com/open?id=1B3TrF6jziMtds-zbfOf4mfIKoMw_TlxR&usp=drive_copy,,,,,,,,,,,,,,,,,,,
59,1,"What does the ""No Pedestrian Crossing"" sign mean?",beginner18_nopedestrian.webp,text,NORMAL,https://drive.google.com/open?id=1sntxXHDpP-G_4LuiRkdN0xf9CI1Sw7TO&usp=drive_copy,,,,,,,,,,,,,,,,,,,
60,2,"What does the ""Pass Either Side"" sign mean?",advanced1_passeither.png,text,NORMAL,https://drive.google.com/open?id=1M1H0gPBWGvSwsPLcMlZ3aqM7ygIm1Oxl&usp=drive_copy,,,,,,,,,,,,,,,,,,,
61,2,"What does the ""Right Lane Must Turn Right"" sign mean?",advanced3_rightlanemust.webp,text,NORMAL,https://drive.google.com/open?id=1_83FKR4pqlxD6zUyuAbAEmtILNGnVZMn&usp=drive_copy,,,,,,,,,,,,,,,,,,,
62,2,"What does the ""Left Lane Must Turn Left"" sign mean?",advanced4_leftlanemust.png,text,NORMAL,https://drive.google.com/open?id=1a0BTZvZUPa7yHlIEadJQ8VucowRbQwac&usp=drive_copy,,,,,,,,,,,,,,,,,,,
63,2,"What does the ""No Entry for Trucks"" sign imply?",advanced6_noentryfortrucks.png,text,NORMAL,https://drive.google.com/open?id=1u3sCGZ8uSIPSGnp7mcKrwrGwNuzwlQta&usp=drive_copy,,,,,,,,,,,,,,,,,,,
64,2,"What does this ""Y-Junction Ahead""",advanced13_yjunction.webp,text,NORMAL,https://drive.google.com/open?id=1ks_YDNI0l6RVaYWErNKOX0GTosTRGIYA&usp=drive_copy,,,,,,,,,,,,,,,,,,,
65,2,"What does the ""Half Y-Junction Behind (Right)"" sign mean?",advanced16_halfyjunctionbehindright.webp,text,NORMAL,https://drive.google.com/open?id=1MwlfOHROE1gK1hFPlIk-wVkO4sQky0Ot&usp=drive_copy,,,,,,,,,,,,,,,,,,,
66,2,"What does the ""Approach to Intersection Merging Traffic (Right)"" sign mean?",advanced22_apporachtointersectionmergingtrafficright.webp,text,NORMAL,https://drive.google.com/open?id=10THrBhpFo9NUoHnmNl9pV9Bvb4rQBS8y&usp=drive_copy,,,,,,,,,,,,,,,,,,,
67,2,"What does the ""Road Narrows"" sign mean?",advanced25_roadnarrows.png,text,NORMAL,https://drive.google.com/open?id=1yj7El-qow9jdyl4wbrYph4oN-0hj4XlF&usp=drive_copy,,,,,,,,,,,,,,,,,,,
68,2,"What does the ""Diagrammatic Direction Sign"" indicate?",advanced38_diagrammaticdirectionsign.png,text,NORMAL,https://drive.google.com/open?id=1ESa7svutNgz-ZgF2qJ0ffSQSpo6RCVq0&usp=drive_copy,,,,,,,,,,,,,,,,,,,
69,2,"What does the ""Diagrammatic Direction Sign (For Roundabout/Rotunda Junction)"" signify?",advanced39_diagrammaticdirectionsignforroundabout.svg,text,NORMAL,https://drive.google.com/open?id=1Tby4RGHsSkAVnRhnEEAbYNRHUzrAvRL_&usp=drive_copy,,,,,,,,,,,,,,,,,,,
70,2,"What does the ""Service Sign (With Name of Service, Symbols, and Distance)"" signify?",advanced40_servicesignwithnameofservice.png,text,NORMAL,https://drive.google.com/open?id=1HHTmA3y9WQb8mpU1JM_YgsSyR4zXRz1-&usp=drive_copy,,,,,,,,,,,,,,,,,,,
71,3,"What does ""Do Not Block Intersection"" indicate?",expert3_DoNotBlockIntersection.png,text,NORMAL,https://drive.google.com/open?id=1mqLbnOcOLatIzrwQS2h-bz8SAqgHLStE&usp=drive_copy,,,,,,,,,,,,,,,,,,,
72,3,"What does the ""No Entry for Vehicles with Gross Vehicle Mass of More Than 5 Tons"" sign indicate?",expert8_NoEntryforVehicleswithGrossVehicleMassofMoreThan5Tons.webp,text,NORMAL,https://drive.google.com/open?id=13YHuzAt45u45KEAoeLNWQX66Hraiv65y&usp=drive_copy,,,,,,,,,,,,,,,,,,,
73,3,"What does ""Service Sign (Advance Sign with Name of Service)"" mean?",expert16_ServiceSign(AdvanceSignwithNameofService).png,text,NORMAL,https://drive.google.com/open?id=103w5LgcoTOHj9YZbQmo-Zy8us3A038TZ&usp=drive_copy,,,,,,,,,,,,,,,,,,,
74,3,"Which of the following does the ""Prohibited on Expressway"" sign mean?",expert17_ProhibitedonExpressway.png,text,NORMAL,https://drive.google.com/open?id=1LNyyXq9jBJCO9qacEfed0KlYypCq997p&usp=drive_copy,,,,,,,,,,,,,,,,,,,
75,3,"What does the ""Exit Advance Sign (With Distance)"" mean?",expert18_ExitAdvanceSign(With Distance).png,text,NORMAL,https://drive.google.com/open?id=1pfNAHSpWu4aN_TVbdnOu-8lsLpGEqVdB&usp=drive_copy,,,,,,,,,,,,,,,,,,,
76,3,"What is the meaning of the ""Exit Direction Sign (For Numbered Exits)""?",expert24_ExitDirectionSignForNumberedExits.webp,text,NORMAL,https://drive.google.com/open?id=1mu1Vkka7Xf08EbZF_msupdk2I_oEpQsF&usp=drive_copy,,,,,,,,,,,,,,,,,,,
77,3,"What does the ""Slow Vehicles Use Right Lane"" sign mean?",expert28_SlowVehiclesUseRightLane.png,text,NORMAL,https://drive.google.com/open?id=1JSuUUW_yrnU6bvJu7YolQQVsE0lwVWeg&usp=drive_copy,,,,,,,,,,,,,,,,,,,
78,1,You are driving in the direction to an intersection when you see a STOP sign and there are no other vehicles nor pedestrians about. What do you do?,beginner1_stopsign.png,text,SITUATIONAL,https://drive.google.com/file/d/12JeTSvG-7WCEf7phzqQvIxUdUycaztpO/view?usp=drive_link,,,,,,,,,,,,,,,,,,,
79,1,You approach an intersection with a GIVE WAY sign and find that another vehicle is approaching from the left. What do you do?,beginner2_giveway.png,text,SITUATIONAL,https://drive.google.com/file/d/1RkrvVP6UGmW4ePa0GCfMTD_oO-7-8cC4/view?usp=drive_link,,,,,,,,,,,,,,,,,,,
80,1,You are going to turn left at an intersection. You observe a LEFT TURNER MUST GIVE WAY sign. An opposing vehicle is moving toward you. What do you do?,beginner3_leftturner.png,text,SITUATIONAL,https://drive.google.com/file/d/1P4Yln_Fu2SGdYqHCHHaoJ1PG80Hky1wT/view?usp=drive_link,,,,,,,,,,,,,,,,,,,
81,1,You turn into a ONE-WAY street by mistake and see vehicles coming towards you. What do you do?,beginner5_oneway.png,text,SITUATIONAL,https://drive.google.com/file/d/1196asWzFxBxH-uF5z41Bz3G3v8XmLZtG/view?usp=drive_link,,,,,,,,,,,,,,,,,,,
82,1,You are driving on a two-lane road and notice a KEEP RIGHT sign. What do you do?,beginner6_keepright.png,text,SITUATIONAL,https://drive.google.com/file/d/1C4kCqOWZyglSaC1sZZQ4WJc-FSu1lLbY/view?usp=drive_link,,,,,,,,,,,,,,,,,,,
83,1,You are driving in a country that adheres to the KEEP LEFT principle. What do you do?,beginner7_keepleft.png,text,SITUATIONAL,https://drive.google.com/file/d/17arbz1gOVK163_w2rEOvaEeSd7seEv_I/view?usp=drive_link,,,,,,,,,,,,,,,,,,,
84,1,You are driving on a highway and see a MERGING TRAFFIC sign indicating that another lane is merging onto your lane. What should you do?,beginner10_mergingtraffic.png,text,SITUATIONAL,https://drive.google.com/file/d/1Ft1fYzWJMW5niarYrFv8tg-FsHO0TI1D/view?usp=drive_link,,,,,,,,,,,,,,,,,,,
85,1,You are approaching a road with a NO ENTRY FOR ALL VEHICLES sign. What do you do?,beginner12_noentry.png,text,SITUATIONAL,https://drive.google.com/file/d/1sQxn5t6j-hbdhpIJnbW0FGhE7K0A78fc/view?usp=drive_link,,,,,,,,,,,,,,,,,,,
86,1,"You are driving a tricycle, and you come across a NO ENTRY FOR TRICYCLES sign as you approach a road. What will you do?",beginner17_noentryfortricycles.png,text,SITUATIONAL,https://drive.google.com/file/d/1oFd4_ezWGRQcnKyKcmGPvZq06K1uDLUu/view?usp=drive_link,,,,,,,,,,,,,,,,,,,
87,1,"You are approaching a busy road with no pedestrian crossing, and you see a USE OVERPASS sign. What do you do?",beginner19_useoverpass.png,text,SITUATIONAL,https://drive.google.com/file/d/1IBH6m3YAZJ6PwONaLr6HOZZIhhSMpR6T/view?usp=drive_link,,,,,,,,,,,,,,,,,,,
88,1,"You are approaching an intersection where you have a NO RIGHT TURN sign up, but you need to turn right. What should you do?",beginner21_noright.png,text,SITUATIONAL,https://drive.google.com/file/d/1IN6p9cYjbfLXYlHsCrqQ7A1UN00SUI5B/view?usp=drive_link,,,,,,,,,,,,,,,,,,,
89,1,"You are driving and see a NO LEFT TURN sign, but your destination is on the left. What should you do?",beginner22_noleft.png,text,SITUATIONAL,https://drive.google.com/file/d/13AaIn_5IhVf8koeFdD9pA512oITed80H/view?usp=drive_link,,,,,,,,,,,,,,,,,,,
90,1,You miss your exit and need to turn around. You see a NO U-TURN sign. What do you do?,beginner23_nouturn.png,text,SITUATIONAL,https://drive.google.com/file/d/1-yGPAF_XtMpORZ5PwrGIGJIWN0Y2xBEc/view?usp=drive_link,,,,,,,,,,,,,,,,,,,
91,1,"You are driving behind a slow-moving truck in a NO OVERTAKING ZONE, but there is no oncoming traffic. What should you do?",beginner24_noovertaking.png,text,SITUATIONAL,https://drive.google.com/file/d/1JGy47YgVDNxqD2qIgxYfsgM97XewR1xN/view?usp=drive_link,,,,,,,,,,,,,,,,,,,
92,1,You are driving on a highway and see a MAXIMUM SPEED RESTRICTION sign showing 80 km/h. What should you do?,beginner25_maximumspeed.png,text,SITUATIONAL,https://drive.google.com/file/d/1T7Qohj4T7DQtbH_SzLBRXKcc9GaDYL19/view?usp=drive_link,,,,,,,,,,,,,,,,,,,
93,1,You are driving a taxi and notice a LOADING AND UNLOADING ZONE sign. What does it mean?,beginner28_loadingandunloading.png,text,SITUATIONAL,https://drive.google.com/file/d/1lTO6eU_lOGXVmVkfXhnJbS4TNGtO7pF0/view?usp=drive_link,,,,,,,,,,,,,,,,,,,
94,1,You are driving a delivery van and see a NO LOADING AND UNLOADING ANYTIME sign. What would you do?,beginner30_noloading.png,text,SITUATIONAL,https://drive.google.com/file/d/1POAOiU15G2xz-gY4fgOAitCo7vwFSSZi/view?usp=drive_link,,,,,,,,,,,,,,,,,,,
95,1,You are driving a jeepney and you see the BAWAL MAGSAKAY AT MAGBABA sign. What would you do?,beginner31_bawalmagsakay.png,text,SITUATIONAL,https://drive.google.com/file/d/1GifULupyBTpE1GVOgbO9lSXGu8Q4B-K6/view?usp=drive_link,,,,,,,,,,,,,,,,,,,
96,1,"You would like to park your car; you see, however, the sign NO PARKING. You do what?",beginner32_noparking.png,text,SITUATIONAL,https://drive.google.com/file/d/1qLYwus8bFZEh-hFsSy4vc0tZu4UJcoBB/view?usp=drive_link,,,,,,,,,,,,,,,,,,,
97,1,You are looking for a place to park and then you see a NO PARKING: BAWAL PUMARADA sign. What should you do?,beginner33_noparkingbawalpumarada.png,text,SITUATIONAL,https://drive.google.com/file/d/1aX3snGvB7PSoeAlWBZAvKlMvI6b5IZmT/view?usp=drive_link,,,,,,,,,,,,,,,,,,,
98,1,You are trying to find a parking space and see a sign that says NO PARKING: TOW-AWAY ZONE. What does that mean?,beginner34_noparkingtowawayzone.png,text,SITUATIONAL,https://drive.google.com/file/d/1PsmnQlv6GBgCG1Hq4wxMboSNONs1bxDQ/view?usp=drive_link,,,,,,,,,,,,,,,,,,,
99,1,You see a sign that reads NO PARKING ANYTIME FROM MONDAY-FRIDAY. It is Saturday. What should you do?,beginner35_noparkinganytime.png,text,SITUATIONAL,https://drive.google.com/file/d/1xzDfd8_G6mpr6tsvhPWknHw9kgg4Ul-N/view?usp=drive_link,,,,,,,,,,,,,,,,,,,
100,1,You are driving on a highway and see a USE SEAT BELT SIGN. What should you do?,beginner37_useseatbelt.jpg,text,SITUATIONAL,https://drive.google.com/file/d/1DNfo2HMdj1F0mRpyhxNEQNal7vLmh2yp/view?usp=drive_link,,,,,,,,,,,,,,,,,,,
101,1,You are driving at a distance not very far away from a hospital and find one NO BLOWING OF HORNS sign. What would you do?,beginner38_noblowing.png,text,SITUATIONAL,https://drive.google.com/file/d/1aHaokv5A00dbWc3_ZLVLPSgqZpMtqVYD/view?usp=drive_link,,,,,,,,,,,,,,,,,,,
102,1,You are driving in a residential area and see a BE AWARE OF PEDESTRIAN CROSSING sign. What should you do?,beginner39_beawareofpedestrian.webp,text,SITUATIONAL,https://drive.google.com/file/d/1VZ24i1zgUIeNeTcLH8Kael909_oHtN9k/view?usp=drive_link,,,,,,,,,,,,,,,,,,,
103,1,You are driving near a school zone and see a BE AWARE OF SCHOOL CHILDREN CROSSING sign. What should you do?,beginner40_beawareofschool.png,text,SITUATIONAL,https://drive.google.com/file/d/1TO0ubRDPMbPrQ9Ve8JU4HQZ9Y80HcIqP/view?usp=drive_link,,,,,,,,,,,,,,,,,,,
104,1,"You are driving down the road, and you approach a sign BIKE LANE AHEAD What should you do?",beginner41_bikelaneahead.png,text,SITUATIONAL,https://drive.google.com/file/d/1b_HSuOg_y0jfBBUAff128QQTEl1nHDpq/view?usp=drive_link,,,,,,,,,,,,,,,,,,,
105,1,"You are driving through a quiet neighborhood and see a BE AWARE OF PERSONS WITH DISABILITIES CROSSING sign ahead. As you approach, you notice a person using a wheelchair trying to cross the street. What should you do?",beginner42_beawareofpersonswith.png,text,SITUATIONAL,https://drive.google.com/file/d/190M9TEPiHOCwUmKz0hm0JgDRzD3O980m/view?usp=drive_link,,,,,,,,,,,,,,,,,,,
106,1,You are driving on a rural road and see a SHARP TURN (RIGHT) sign ahead. What should you do?,beginner43_sharpturnright.png,text,SITUATIONAL,https://drive.google.com/file/d/1m3OE1v1NwufdgIwLcvL4LKIzJcxijops/view?usp=drive_link,,,,,,,,,,,,,,,,,,,
107,1,You see a CURVE (RIGHT) sign ahead on a highway. How should you prepare?,beginner47_curveright.webp,text,SITUATIONAL,https://drive.google.com/file/d/1NK5IUF-BeJ2SXNm5H0jbB_xWmUYrGv0v/view?usp=drive_link,,,,,,,,,,,,,,,,,,,
108,1,You are driving in a country area and face a CURVE (LEFT) sign. What should you do?,beginner48_curveleft.png,text,SITUATIONAL,https://drive.google.com/file/d/1zyxBcgP75vbc5VxxmmWSGv0eMU3G3aID/view?usp=drive_link,,,,,,,,,,,,,,,,,,,
109,1,You are driving on a curving road when you see a REVERSE CURVE (RIGHT) sign. What does this mean?,beginner49_reversecurveright.webp,text,SITUATIONAL,https://drive.google.com/file/d/1jhlWxg1KgZ5wGLOgQZXEKb-TGXH48tD9/view?usp=drive_link,,,,,,,,,,,,,,,,,,,
110,1,You are approaching an intersection where a INTERSECTION AHEAD sign is displayed. What is the best practice?,beginner55_intersectionahead.png,text,SITUATIONAL,https://drive.google.com/file/d/1Y3gKNmcsalQOc3SWXGbNHUw1n21KhPLx/view?usp=drive_link,,,,,,,,,,,,,,,,,,,
111,1,You are approaching a ROUNDABOUT AHEAD sign. What should you do?,beginner61_roundabout.png,text,SITUATIONAL,https://drive.google.com/file/d/1ei2EKQv3LuansniO1Orb36MfxSh_Eu5x/view?usp=drive_link,,,,,,,,,,,,,,,,,,,
112,1,You are driving and see a TRAFFIC LIGHTS AHEAD sign. What should you do?,beginner62_trafficlights.png,text,SITUATIONAL,https://drive.google.com/file/d/1h7_UwVXo97ImlMN8MXg5B-PTdKPLoZmJ/view?usp=drive_link,,,,,,,,,,,,,,,,,,,
113,1,"You see a SLOW DOWN, PEDESTRIAN CROSSING AHEAD sign. What should you do?",beginner70_slowdownpedestrian.png,text,SITUATIONAL,https://drive.google.com/file/d/1eCGXQItsNNW_9jEsRGx5Kgqe9hkJGd_T/view?usp=drive_link,,,,,,,,,,,,,,,,,,,
114,1,You are driving and come across a PEDESTRIAN CROSSING AHEAD sign. What is the correct response?,beginner71_pedestriancrossing.png,text,SITUATIONAL,https://drive.google.com/file/d/1hZaCYk_F7Kzv0WK_dKgGbpr0n-SbyDe0/view?usp=drive_link,,,,,,,,,,,,,,,,,,,
115,1,You are driving near a school zone and see a BE AWARE AND STOP FOR CHILDREN CROSSING AHEAD sign. What should you do?,beginner72_beawareandstopforchildren.png,text,SITUATIONAL,https://drive.google.com/file/d/165ISieGecG6V7LShG2ZeN67kB8iMjpRO/view?usp=drive_link,,,,,,,,,,,,,,,,,,,
116,1,You are walking down a busy street and notice a sign that says ADVICE TO PEDESTRIANS TO CROSS AT DESIGNATED AREAS. What should you do?,beginner74_advicetothepedestrian.png,text,SITUATIONAL,https://drive.google.com/file/d/1sW8FFraQNtFZR9hRHDWNDm__L8LSt04k/view?usp=drive_link,,,,,,,,,,,,,,,,,,,
117,1,You encountered a sign reading BE AWARE AND SLOW DOWN ON BIKE LANE AHEAD. What should you do?,beginner75_beawareandslowdownonbike.png,text,SITUATIONAL,https://drive.google.com/file/d/1QLv62JsB4E-vy0b5xsd4k-a5QMzvJ33Q/view?usp=drive_link,,,,,,,,,,,,,,,,,,,
118,1,It’s 7:30 AM and you're driving near a school when you see a School Zone Sign. What is the correct action?,beginner79_signsofschool.png,text,SITUATIONAL,https://drive.google.com/file/d/1D36Ydz_BM9cF14dofgNCyeyzeT17O2iY/view?usp=drive_link,,,,,,,,,,,,,,,,,,,
119,1,You are driving through a residential neighborhood when you see a Playground Sign. What should you expect?,beginner80_signsofplayground.png,text,SITUATIONAL,https://drive.google.com/file/d/1jUpsEIlYHSBWP9bNUkX94l1UetwPJrj_/view?usp=drive_link,,,,,,,,,,,,,,,,,,,
120,1,You are driving a truck and approaching a bridge with a maximum height clearance sign of 4.8 meters. Your vehicle is 4.9 meters tall. What should you do?,beginner81_maximumheight.png,text,SITUATIONAL,https://drive.google.com/file/d/1oKDUngXfxqvsW0mtie0-dL0QG__6KvX2/view?usp=drive_link,,,,,,,,,,,,,,,,,,,
121,1,"You are driving at night and see a “Slow Down, Accident-Prone Area” sign. What should you do?",beginner82_slowdownaccident.png,text,SITUATIONAL,https://drive.google.com/file/d/1uUZ1ofZYygTRfQQNo8GFU8fEKp-apit-/view?usp=drive_link,,,,,,,,,,,,,,,,,,,
122,1,You are approaching a large intersection and see a Stack Direction Sign listing multiple destinations. How should you use this sign?,beginner84_stackdirectionsignmultiple.png,text,SITUATIONAL,https://drive.google.com/file/d/18MQYfH1vLGJzFecTk2G1Qqxkal4ZFGwE/view?usp=drive_link,,,,,,,,,,,,,,,,,,,
123,1,"You are driving towards a tollway entrance, and you see a Stack Direction Sign pointing towards a single destination. What does this mean?",beginner85_stackdirectionsignsingle.png,text,SITUATIONAL,https://drive.google.com/file/d/1ItM9lgaOMomJMqoxrmOfKiQFcDm9QQKG/view?usp=drive_link,,,,,,,,,,,,,,,,,,,
124,1,You are driving on a highway and see an Intersection Direction Sign pointing to the right with the name of a nearby town. You need to go to that town. What should you do?,beginner87_intersectiondirectionsignright.png,text,SITUATIONAL,https://drive.google.com/file/d/1xOxPn102S7ArfJ6dhMD4Ku46LcNsk9--/view?usp=drive_link,,,,,,,,,,,,,,,,,,,
125,1,You are driving on National Highway Route 3 and need to take an exit to Sampaguita Road. You see an Intersection Direction Sign displaying both the route number and road name. How should you use this sign?,beginner90_intersectiondirectionsignwithroutenumber SCTEX.png,text,SITUATIONAL,https://drive.google.com/file/d/1k4l4dZGKK1zSLLeJyu_Fi_S-ZRUEz_cm/view?usp=drive_link,,,,,,,,,,,,,,,,,,,
126,1,"While driving on an unfamiliar road, you see a Reassurance Direction Sign along the highway. What does this sign help with?",beginner91_Reassurancedirectionsign.png,text,SITUATIONAL,https://drive.google.com/file/d/1eL0unqKezWp-zn_w_bNHX8Slp6Y0CzEF/view?usp=drive_link,,,,,,,,,,,,,,,,,,,
127,1,You approach a TOLL CHARGES sign while driving on an expressway. What should you do?,beginner97_tollcharges.png,text,SITUATIONAL,https://drive.google.com/file/d/1_Xs_4AynlrdojcJJtHwOZTVKClNAM9B3/view?usp=drive_link,,,,,,,,,,,,,,,,,,,
128,1,You are driving on a multi-lane road and see LANE DIRECTION SIGNS indicating which lanes are for turning and going straight. What should you do?,beginner98_lanedirectionsigns.png,text,SITUATIONAL,https://drive.google.com/file/d/1sxr-pTHSaiQqUQ_OutwlGcKJWHspYKxS/view?usp=drive_link,,,,,,,,,,,,,,,,,,,
129,1,You are walking near a busy road and see a USE OVERPASS sign. What should you do?,beginner100_useoverpass.png,text,SITUATIONAL,https://drive.google.com/file/d/1eqj_atF6xgVxVNIHf7u8GPm0ICaUmtKM/view?usp=drive_link,,,,,,,,,,,,,,,,,,,
130,1,You see a CHECK BRAKES sign while approaching a steep descent. What is the best action?,beginner103_checkbrakes.png,text,SITUATIONAL,https://drive.google.com/file/d/18FqqPwBvvkGnigloCehOO0kyUMMLTE2j/view?usp=drive_link,,,,,,,,,,,,,,,,,,,
131,1,You are driving on a rural road and see a REDUCE SPEED sign. What should you do?,beginner104_reducespeed.png,text,SITUATIONAL,https://drive.google.com/file/d/1BxE_WDapSxCHjS1JqE2SvJCmS85gc4Sp/view?usp=drive_link,,,,,,,,,,,,,,,,,,,
132,1,You are driving and see a ROAD CLOSED sign ahead. What should you do?,beginner107_roadclosed.png,text,SITUATIONAL,https://drive.google.com/file/d/1orNawO60wKD1ER7rgMBq-EYnfgorFHGb/view?usp=drive_link,,,,,,,,,,,,,,,,,,,
133,1,You are driving on a highway and see a ROAD NARROWS AHEAD sign. What should you do?,beginner109_roadnarrowsahead.png,text,SITUATIONAL,https://drive.google.com/file/d/1wVjiegat1vA_NBTRXC7Jjy1C5uk-yxuD/view?usp=drive_link,,,,,,,,,,,,,,,,,,,
134,1,You see a NARROW BRIDGE AHEAD sign while driving. How should you proceed?,beginner110_narrowbridgeahead.png,text,SITUATIONAL,https://drive.google.com/file/d/1hbXj_UI6N-I_n5FLs3Sf16pOogi8V9lW/view?usp=drive_link,,,,,,,,,,,,,,,,,,,
135,1,You are walking on a busy street and see a NO PEDESTRIAN CROSSING sign. What should you do?,beginnerlast_nopedestriancrossing.png,text,SITUATIONAL,https://drive.google.com/open?id=1QcKhDD-_fLkaO1W03SEjOBSHO_6-aQXI&usp=drive_copy,,,,,,,,,,,,,,,,,,,
136,2,You are approaching a median with a PASS EITHER SIDE sign. What should you do?,advanced1_passeither.png,text,SITUATIONAL,https://drive.google.com/file/d/1_rISuF5RdrsAzLMoeVyhEaQKp-3VXEqt/view?usp=drive_link,,,,,,,,,,,,,,,,,,,
137,2,You are driving in the rightmost lane and see a RIGHT LANE MUST TURN RIGHT sign. What is the proper action?,advanced3_rightlanemust.png,text,SITUATIONAL,https://drive.google.com/file/d/1ywfRk1LwVTA1586hDTw2AP4PgOsxtII7/view?usp=drive_link,,,,,,,,,,,,,,,,,,,
138,2,You are driving in the leftmost lane and see a LEFT LANE MUST TURN LEFT sign. What should you do?,advanced4_leftlanemust.png,text,SITUATIONAL,https://drive.google.com/file/d/1TdVhTlJuIuCuMI7umQvaDrpnqLim8leK/view?usp=drive_link,,,,,,,,,,,,,,,,,,,
139,2,You are driving a truck and see a NO ENTRY FOR TRUCKS sign ahead. What is the correct action?,advanced6_noentryfortrucks.png,text,SITUATIONAL,https://drive.google.com/file/d/10MzKk6MLs41vgmcJUDPPogpT6fdpuKF0/view?usp=drive_link,,,,,,,,,,,,,,,,,,,
140,2,You are driving and see a Y-JUNCTION AHEAD sign. What should you do?,advanced13_yjunction.webp,text,SITUATIONAL,https://drive.google.com/file/d/1kVe_6wnitgI37X_ZzHjVKv3yxooKr9Eg/view?usp=drive_link,,,,,,,,,,,,,,,,,,,
141,2,You are driving and see a HALF Y-JUNCTION BEHIND (RIGHT) sign. What does this mean?,advanced16_halfyjunctionbehindright.webp,text,SITUATIONAL,https://drive.google.com/file/d/1knqSKH4NXZJ9UO1AZyI50-dJ8oCh26Lh/view?usp=drive_link,,,,,,,,,,,,,,,,,,,
142,2,You see an APPROACH TO INTERSECTION MERGING TRAFFIC (RIGHT) sign ahead on the highway. What is the correct action?,advanced22_apporachtointersectionmergingtrafficright.png,text,SITUATIONAL,https://drive.google.com/file/d/1QnAU7QezZ2Vzi_0O_jGdmOoNHCPkQDHW/view?usp=drive_link,,,,,,,,,,,,,,,,,,,
143,2,You are driving on a highway and see a ROAD NARROWS sign. What is the correct action?,advanced25_roadnarrows (2).png,text,SITUATIONAL,https://drive.google.com/file/d/1qrzQ3hKB1B70f8QweZBr6L_Ybknwe_Qi/view?usp=drive_link,,,,,,,,,,,,,,,,,,,
144,2,You are driving and see a DIAGRAMMATIC DIRECTION SIGN showing the lanes for a highway split. What should you do?,advanced38_diagrammaticdirectionsign.png,text,SITUATIONAL,https://drive.google.com/file/d/1p6Avx96IPxTxq9dLO-IjUqu_j-Rrmrfr/view?usp=drive_link,,,,,,,,,,,,,,,,,,,
145,2,You see a DIAGRAMMATIC DIRECTION SIGN FOR ROUNDABOUT/ROTUNDA JUNCTION indicating the direction of exit and lane guidance. What do you do?,advanced39_diagrammaticdirectionsignforroundaboutt.jpg,text,SITUATIONAL,https://drive.google.com/file/d/1uRSNHoJsX7r7QKDSqzXqW-elVL-avHmi/view?usp=drive_link,,,,,,,,,,,,,,,,,,,
146,2,You are on a highway and observe a SERVICE SIGN showing that the next service station and rest area are 5 kilometers up ahead. What should you do?,advanced40_servicesignwithnameofservice.png,text,SITUATIONAL,https://drive.google.com/file/d/1urgKfL8kpMPCfKF6CBUws__1Ux1JVp1Y/view?usp=drive_link,,,,,,,,,,,,,,,,,,,
147,3,You are approaching a busy intersection with a DO NOT BLOCK INTERSECTION sign. The traffic ahead has stopped. What should you do?,expert3_DoNotBlockIntersection.png,text,SITUATIONAL,https://drive.google.com/file/d/1xi5PF20jtvL9R_3ChkxoQ7PUTrTvT1L-/view?usp=drive_link,,,,,,,,,,,,,,,,,,,
148,3,You are driving a heavy vehicle and approaching a NO ENTRY FOR VEHICLES WITH GROSS VEHICLE MASS OF MORE THAN 5 TONS sign.,expert8_NoEntryforVehicleswithGrossVehicleMassofMoreThan5Tons.png,text,SITUATIONAL,https://drive.google.com/file/d/1vFG67Z0YSvGLJyDitFkEW_IEFHmEci0A/view?usp=drive_link,,,,,,,,,,,,,,,,,,,
149,3,You are driving on a highway and see a SERVICE SIGN indicating a gas station ahead. What should you do?,expert16_ServiceSign(AdvanceSignwithNameofService).png,text,SITUATIONAL,https://drive.google.com/file/d/1BpsYkhCY4musVg7t9GxnrkMzNCrSGV-O/view?usp=drive_link,,,,,,,,,,,,,,,,,,,
150,3,You are driving a vehicle and see a PROHIBITED ON EXPRESSWAY sign for certain types of vehicles. What should you do?,expert17_ProhibitedonExpressway.png,text,SITUATIONAL,https://drive.google.com/file/d/1z-3FqG_qmaNDoQhODmbn0opZnOySFaFs/view?usp=drive_link,,,,,,,,,,,,,,,,,,,
151,3,"You're driving on the highway, but the sign posted for EXIT ADVANCE SIGN shows your preferred exit is 2 km ahead. What do you do?",expert18_ExitAdvanceSign(With Distance).png,text,SITUATIONAL,https://drive.google.com/file/d/11xrw5ccMiVLntvaRyhJT8kjdFTJOqwHc/view?usp=drive_link,,,,,,,,,,,,,,,,,,,
152,3,You are approaching a NUMBERED EXIT and see an EXIT DIRECTION SIGN indicating your exit number. What is the correct action?,expert24_ExitDirectionSignForNumberedExits.png,text,SITUATIONAL,https://drive.google.com/file/d/11Spm1Xg3H6oO-lYZp62MZkuNb3mIbkgb/view?usp=drive_link,,,,,,,,,,,,,,,,,,,
153,3,"You are driving on a highway and encounter a SLOW VEHICLES USE RIGHT LANE sign. If you are traveling at a slower speed, what should you do?",expert28_SlowVehiclesUseRightLane.png,text,SITUATIONAL,https://drive.google.com/file/d/14ki3njmMOlYTQtrmjHlGtxVSGmvnV4ca/view?usp=drive_link,,,,,,,,,,,,,,,,,,,
154,1,"Which road sign means you must stop completely, look right, left, then forward before proceeding?",Stop Sign.png,image,INTERACTIVE,https://drive.google.com/open?id=1Xyvhqct3KyFzWITeuDkamUoilLxBMBt6&usp=drive_copy,,,,,,,,,,,,,,,,,,,
155,1,What sign informs you to yield in order for a car following you to pass through?,Give Way.png,image,INTERACTIVE,https://drive.google.com/open?id=1ltQHpHdYrF5n9667mnVJzKYwCYHBFfyr&usp=drive_copy,,,,,,,,,,,,,,,,,,,
156,1,What sign informs you to yield to oncoming traffic when taking a left turn?,Left Turner Must Give Way.png,image,INTERACTIVE,https://drive.google.com/open?id=1iHUiPsaxZFJpKW9OorqDgGQDxLvetBSD&usp=drive_copy,,,,,,,,,,,,,,,,,,,
157,1,What sign tells you not to make a turn in any direction?,No Turns.png,image,INTERACTIVE,https://drive.google.com/open?id=1KthW_YAz9ymKEZFteQsWmgGAmf7suo5u&usp=drive_copy,,,,,,,,,,,,,,,,,,,
158,1,"What sign informs you to drive in one direction, in the direction of an arrow?",One Way.png,image,INTERACTIVE,https://drive.google.com/open?id=1zvtbiFbolRgHF5jDx9tl0TlPwKepuy0n&usp=drive_copy,,,,,,,,,,,,,,,,,,,
159,1,What sign informs you to drive to your right of the highway?,Keep Right.png,image,INTERACTIVE,https://drive.google.com/open?id=18-CA7oDOC5DQ8lMz8a_WSqu2LlpYdKX7&usp=drive_copy,,,,,,,,,,,,,,,,,,,
160,1,What sign informs you to drive your left-hand side of the street?,Keep Left.png,image,INTERACTIVE,https://drive.google.com/open?id=1JH5SeOpxmYDf2TDciQTPgL_k5eCU4TAw&usp=drive_copy,,,,,,,,,,,,,,,,,,,
161,1,Which road sign means you should adjust your speed and allow merging vehicles to enter?,Merging Traffic.png,image,INTERACTIVE,https://drive.google.com/open?id=1248ZnJdKI2byME5YnYabz6J45k0RjimD&usp=drive_copy,,,,,,,,,,,,,,,,,,,
162,1,Which road sign means no vehicle of any kind is allowed to enter?,No Entry for All Vehicles.png,image,INTERACTIVE,https://drive.google.com/open?id=1SgYdOuQEFD0zAkUKuwVXKh7mVog5dFoV&usp=drive_copy,,,,,,,,,,,,,,,,,,,
163,1,Which road sign means tricycles are not allowed to enter this area?,No Entry for Tricycles.png,image,INTERACTIVE,https://drive.google.com/open?id=1g2hQSY_6FLiTUFO1ZXlnVP2PFe15_OOs&usp=drive_copy,,,,,,,,,,,,,,,,,,,
164,1,Which road sign instructs pedestrians to cross using the overpass?,Use Overpass.png,image,INTERACTIVE,https://drive.google.com/open?id=1YrR7BmEvKkVBPE4rnIo5V8QgwnmHIupe&usp=drive_copy,,,,,,,,,,,,,,,,,,,
165,1,Which road sign means pedestrians must only cross at designated crossings?,,image,INTERACTIVE,,,,,,,,,,,,,,,,,,,,
166,1,Which road sign indicates the slowest speed you are allowed to drive?,,image,INTERACTIVE,,,,,,,,,,,,,,,,,,,,
167,1,What sign tells a car that it can stop in a location to drop off passengers or cargo?,Loading and Unloading Zone.png,image,INTERACTIVE,https://drive.google.com/open?id=1FPtmL3DDi1h-W-DSUgDfXG4Rg-mFINxR&usp=drive_copy,,,,,,,,,,,,,,,,,,,
168,1,What sign indicates passengers and cargo can be loaded and unloaded at this site?,Loading and Unloading Zone.png,image,INTERACTIVE,https://drive.google.com/open?id=1FPtmL3DDi1h-W-DSUgDfXG4Rg-mFINxR&usp=drive_copy,,,,,,,,,,,,,,,,,,,
169,1,What sign informs you not to ever stop in your car at any location?,No Parking.png,image,INTERACTIVE,https://drive.google.com/open?id=106B-gsi09ZlQNMSBOnaRR78cszBEAEcn&usp=drive_copy,,,,,,,,,,,,,,,,,,,
170,1,What sign informs a driver not to stop at any cost?,No Parking.png,image,INTERACTIVE,https://drive.google.com/open?id=106B-gsi09ZlQNMSBOnaRR78cszBEAEcn&usp=drive_copy,,,,,,,,,,,,,,,,,,,
171,1,"Which road sign means parking is prohibited, and violators may be towed?",No Parking_ Tow-Away Zone.png,image,INTERACTIVE,https://drive.google.com/open?id=1ese195zQle4JaNs-KHqflZ31b0wr5cYc&usp=drive_copy,,,,,,,,,,,,,,,,,,,
172,1,Which road sign means parking is prohibited at all times from Monday to Friday?,No Parking Anytime from Monday-Friday.png,image,INTERACTIVE,https://drive.google.com/open?id=1nWhH8B_Rzkadqd393McBfGURSfy9ycYl&usp=drive_copy,,,,,,,,,,,,,,,,,,,
173,1,What sign informs you not to stop your car at any location?,,image,INTERACTIVE,,,,,,,,,,,,,,,,,,,,
174,1,Which road sign reminds drivers and passengers to buckle their seat belts while driving?,Use Seat Belt Sign .png,image,INTERACTIVE,https://drive.google.com/open?id=10uCN-spH_qAjGORApCa8STGiP2zxAllN&usp=drive_copy,,,,,,,,,,,,,,,,,,,
175,1,Which road sign instructs drivers to avoid honking their horn?,No Blowing of Horns.png,image,INTERACTIVE,https://drive.google.com/open?id=1fffjio1PiYvIWQPDRv5d3RWlZC-sB3s_&usp=drive_copy,,,,,,,,,,,,,,,,,,,
176,1,What sign tells drivers about an impending pedestrian crossing?,Be Aware of Pedestrian Crossing.png,image,INTERACTIVE,https://drive.google.com/open?id=102JJ-4UjSDGnd36y9NPd-S4zrIRIOJed&usp=drive_copy,,,,,,,,,,,,,,,,,,,
177,1,What sign informs drivers to slow down and exercise caution for kids crossing?,Be Aware of School Children Crossing.png,image,INTERACTIVE,https://drive.google.com/open?id=1jlMIRhTTmd0xV6qPLvJQUdzptuKOeHyU&usp=drive_copy,,,,,,,,,,,,,,,,,,,
178,1,What sign tells drivers a bike path is in the distance?,Bike Lane Ahead.png,image,INTERACTIVE,https://drive.google.com/open?id=1zTS9QvbHnuPuUAaEGn0NHSmJspt16Lty&usp=drive_copy,,,,,,,,,,,,,,,,,,,
179,1,What sign informs drivers to slow down and yield to disabled persons in order for them to cross safely?,Be Aware of Persons with Disabilities Crossing.png,image,INTERACTIVE,https://drive.google.com/open?id=12k1-WNshzi8l9LHQn0g7ZR6a9hVtZMFB&usp=drive_copy,,,,,,,,,,,,,,,,,,,
180,1,What sign warns a sharp right curve in your lane?,Sharp Turn (Right).png,image,INTERACTIVE,https://drive.google.com/open?id=1ObhEBUUy59eazun4Z3GZmNaREIzkeLV2&usp=drive_copy,,,,,,,,,,,,,,,,,,,
181,1,What sign for a street indicates a street turns gently to the right?,Curve (RIGHT).png,image,INTERACTIVE,https://drive.google.com/open?id=1L0zh9WktofhVMRn85CP4UrmGOSlL9XGW&usp=drive_copy,,,,,,,,,,,,,,,,,,,
182,1,What sign for a road signifies that the road gently turns to the left?,Curve (LEFT).png,image,INTERACTIVE,https://drive.google.com/open?id=1t9a_NkKD3R3criztIuGg3MH8FGQeq3V9&usp=drive_copy,,,,,,,,,,,,,,,,,,,
183,1,"What sign signifies two successive turns, and one of them turns to the right?",Reverse Curve (Right).png,image,INTERACTIVE,https://drive.google.com/open?id=1qc-ragwLMwXcjTHIAaV_nMnBAJxRyNew&usp=drive_copy,,,,,,,,,,,,,,,,,,,
184,1,Which road sign warns drivers to slow down and prepare to yield at an intersection?,Intersection Ahead.png,image,INTERACTIVE,https://drive.google.com/file/d/1kvLWOJh1J_URMbdgogaDrtRywFbSMM7S/view?usp=drive_link,,,,,,,,,,,,,,,,,,,
185,1,"What sign tells that the one in front, to your left, is an angled intersection?",,image,INTERACTIVE,,,,,,,,,,,,,,,,,,,,
186,1,What sign informs a driver that a road dead ends at a T-junction and a left and/or a right must be taken?,,image,INTERACTIVE,,,,,,,,,,,,,,,,,,,,
187,1,Which road sign warns you to slow down and prepare to stop for pedestrians?,"Slow Down, Pedestrian Crossing Ahead.png",image,INTERACTIVE,https://drive.google.com/open?id=1ilUS5bDVV3dcHdUJEZ1Fy57W3inggA0M&usp=drive_copy,,,,,,,,,,,,,,,,,,,
188,1,What sign tells drivers to slow down in a school zone?,Be Aware of School Children Crossing.png,image,INTERACTIVE,https://drive.google.com/open?id=1jlMIRhTTmd0xV6qPLvJQUdzptuKOeHyU&usp=drive_copy,,,,,,,,,,,,,,,,,,,
189,1,What is the sign that tells drivers to stop and yield for kids crossing the street?,Be Aware and Stop for Children Crossing Ahead.png,image,INTERACTIVE,https://drive.google.com/open?id=1ris1BGyzbvrx0n5Mof498Wd0FVwmtH7u&usp=drive_copy,,,,,,,,,,,,,,,,,,,
190,1,Which road sign advises pedestrians to cross only at designated areas?,Advice to Pedestrians to Cross at Designated Areas.png,image,INTERACTIVE,https://drive.google.com/open?id=1RHnCUffhT5LDt8nTvXF1EIVLLhg8r9SY&usp=drive_copy,,,,,,,,,,,,,,,,,,,
191,1,What sign informs drivers to slow down and use caution when seeing cyclists in a bike lane in front?,Be Aware and Slow Down on Bike Lane Ahead.png,image,INTERACTIVE,https://drive.google.com/open?id=1aPWRPjTg_J03y9mcGOdFF86GZwQ1CTlX&usp=drive_copy,,,,,,,,,,,,,,,,,,,
192,1,What is a sign that informs drivers to slow down and yield for disabled persons?,Be Aware of Persons with Disabilities Crossing.png,image,INTERACTIVE,https://drive.google.com/open?id=12k1-WNshzi8l9LHQn0g7ZR6a9hVtZMFB&usp=drive_copy,,,,,,,,,,,,,,,,,,,
193,1,What sign informs drivers to slow down and stop for school children crossing near schools?,Signs of School.png,image,INTERACTIVE,https://drive.google.com/open?id=1TfAZta14oOcnO_19Lqs2PPHww4IZsKFf&usp=drive_copy,,,,,,,,,,,,,,,,,,,
194,1,What sign tells drivers to slow down and be careful for kids at play?,Signs of Playground.png,image,INTERACTIVE,https://drive.google.com/open?id=1BwSkZ40nX_5tWzajSbhGjj6BEkdw4jRx&usp=drive_copy,,,,,,,,,,,,,,,,,,,
195,1,The height restriction sign for a 4.8-meter car height,Maximum Height of a Vehicle Must Be 4.8 Meters or Less.png,image,INTERACTIVE,https://drive.google.com/open?id=1AzcHdDjsxB5yBZ1H7VcwaWeedHmrBwQe&usp=drive_copy,,,,,,,,,,,,,,,,,,,
196,1,Which road sign warns drivers to slow down and proceed cautiously in accident-prone areas?,"Slow Down, Accident-Prone Area.png",image,INTERACTIVE,https://drive.google.com/open?id=1KTzRT2pz809cpZLfVH60H1V30jV2OUod&usp=drive_copy,,,,,,,,,,,,,,,,,,,
197,1,Which road sign shows directions to multiple destinations ahead?,Stack Direction Sign (Multiple Destinations).png,image,INTERACTIVE,https://drive.google.com/open?id=1-SA44vQchvMGNHK1ap2RhGzhwCuxmWUh&usp=drive_copy,,,,,,,,,,,,,,,,,,,
198,1,A single direction signpost tells one that a specific road continues in one direction?,Stack Direction Sign (Single Destination).png,image,INTERACTIVE,https://drive.google.com/open?id=1YxiB4000qHzZU52mbJVLZKR2WC7ZzhRK&usp=drive_copy,,,,,,,,,,,,,,,,,,,
199,1,Which road sign shows that the road turns right at the upcoming intersection?,Intersection Direction Sign (Right-Facing).png,image,INTERACTIVE,https://drive.google.com/open?id=1sxQCASS7Bkw0Q9XlnuPfr5kw5rDgKS3h&usp=drive_copy,,,,,,,,,,,,,,,,,,,
200,1,What sign provides directional information with street name and route number?,intersection Direction Sign with Route Number and Road Name.png,image,INTERACTIVE,https://drive.google.com/open?id=1TC6Fh5PQEf7DxfRRkAdUv2GkMYummqo8&usp=drive_copy,,,,,,,,,,,,,,,,,,,
201,1,What sign informs you that you're in your proper path?,Reassurance Direction Sign.png,image,INTERACTIVE,https://drive.google.com/open?id=1muzPRmKa3yNi2cJ7O60n3896awoTCEf0&usp=drive_copy,,,,,,,,,,,,,,,,,,,
202,1,Which sign shows the charges for each class and origin?,Toll Charges.png,image,INTERACTIVE,https://drive.google.com/open?id=1DcarVFOA1YcrxPFWLbfxx66HJyhVgH-_&usp=drive_copy,,,,,,,,,,,,,,,,,,,
203,1,What sign tells approved directions for a specific lane?,Lane Direction Signs.png,image,INTERACTIVE,https://drive.google.com/open?id=18uloEqKQiHiGlxJmjvBXAOennpKTczN4&usp=drive_copy,,,,,,,,,,,,,,,,,,,
206,1,Which road sign informs drivers to inspect their brakes before moving ahead?,Check Brakes.png,image,INTERACTIVE,https://drive.google.com/open?id=1KMPm5uWQiUlfw3fRqA7axV8jnIr1vX9l&usp=drive_copy,,,,,,,,,,,,,,,,,,,
207,1,The slow sign is a sign that informs drivers to slow down for road and traffic,Reduce Speed.png,image,INTERACTIVE,https://drive.google.com/open?id=1OCuPHmCRKWxLy3bEHTqYBiEFZJKkEpf8&usp=drive_copy,,,,,,,,,,,,,,,,,,,
208,1,The sign for a totally closed road for all types of vehicles,Road Closed.png,image,INTERACTIVE,https://drive.google.com/open?id=1lnCV8yHKsE3U_ZutJ29ZieCGggLO_ikj&usp=drive_copy,,,,,,,,,,,,,,,,,,,
209,1,Which road sign warns that the road ahead narrows and requires caution?,Road Narrows Ahead.png,image,INTERACTIVE,https://drive.google.com/open?id=1PLTO8BT7l0lzji71hceMarXTuxi5YESi&usp=drive_copy,,,,,,,,,,,,,,,,,,,
210,1,The sign that advises that in front is a narrow bridge and one must drive carefully is?,Narrow Bridge Ahead.png,image,INTERACTIVE,https://drive.google.com/open?id=17CqeStmgCpIlcBQTqIfuBAhUZLas4TQT&usp=drive_copy,,,,,,,,,,,,,,,,,,,
211,1,Which is the sign that prevents pedestrians from crossing?,No Pedestrian Crossing.png,image,INTERACTIVE,https://drive.google.com/file/d/1bXxb5-HZrPnlQMrzznzVdv1NP68k4XQW/view?usp=drive_link,,,,,,,,,,,,,,,,,,,
212,2,What sign informs you that you can pass both to your left and your right of an obstruction in the carriageway?,Pass Either Side.png,image,INTERACTIVE,https://drive.google.com/open?id=19xNpasqKBEW7VM6q8nwh27J1MaLw6W57&usp=drive_copy,,,,,,,,,,,,,,,,,,,
213,2,What sign informs cars in the right-hand lane to make a right turn?,Right Lane Must Turn Right.png,image,INTERACTIVE,https://drive.google.com/open?id=17ct64DsRb0AWo2G-_R7IwtvMa-UcQ7vU&usp=drive_copy,,,,,,,,,,,,,,,,,,,
214,2,What sign informs cars in the leftmost lane to make a left turn?,Left Lane Must Turn Left.png,image,INTERACTIVE,https://drive.google.com/open?id=1lRcVjroxYEyW5-U07YyN6K8DVm9rbjQx&usp=drive_copy,,,,,,,,,,,,,,,,,,,
215,2,What road sign tells truck drivers to seek an alternative route?,No Entry for Trucks.png,image,INTERACTIVE,https://drive.google.com/open?id=1nVwpmn9_lkqeHrZntOqEMq0ZiMEqSWc0&usp=drive_copy,,,,,,,,,,,,,,,,,,,
216,2,What sign tells that the road in front of me branches off in two directions?,Y-Junction Ahead.png,image,INTERACTIVE,https://drive.google.com/open?id=1GI6rjMf1H0mSyzh_yz8zFp-5Qp6MAplj&usp=drive_copy,,,,,,,,,,,,,,,,,,,
217,2,What sign informs a road branches off in your direction to your behind right?,Half Y-Junction Behind (Right).png,image,INTERACTIVE,https://drive.google.com/open?id=1rjJPmISeMmSxOovJRHDiA4pnGSnpJS9L&usp=drive_copy,,,,,,,,,,,,,,,,,,,
218,2,"What sign informs one that traffic is merging in front, to the right?",Approach to Intersection Merging Traffic (Right).png,image,INTERACTIVE,https://drive.google.com/file/d/1GPmwySU2ad-WQFRVoYfj72-p8KbxNmpK/view?usp=drive_link,,,,,,,,,,,,,,,,,,,
219,2,Which road sign indicates that the road ahead becomes narrower?,Road Narrows.png,image,INTERACTIVE,https://drive.google.com/open?id=1eW4_QespkdpPlPDT91T5ICOl2Pw6OnJx&usp=drive_copy,,,,,,,,,,,,,,,,,,,
220,2,Which road sign illustrates road directions and upcoming junctions?,Diagrammatic Direction Sign.png,image,INTERACTIVE,https://drive.google.com/open?id=1k3LYoLNmnipSVqHv_fcExsNgY-9h5aJd&usp=drive_copy,,,,,,,,,,,,,,,,,,,
221,2,What sign instructs a car to go in a circle and then obey directional signage?,Roundabout Ahead.png,image,INTERACTIVE,https://drive.google.com/open?id=1tpvjgAFE5uLa7K4u682KUVivgX7cET6v&usp=drive_copy,,,,,,,,,,,,,,,,,,,
222,2,"What sign shows a service location and distance, for instance, a service stop, a service station, etc.?","Service Sign (With Name of Service, Symbols, and Distance).png",image,INTERACTIVE,https://drive.google.com/open?id=17ce68ST1GOBu2FCu3eTc9qHOL9yUR4OT&usp=drive_copy,,,,,,,,,,,,,,,,,,,
223,3,Which road sign tells you to avoid stopping within an intersection?,Do Not Block Intersection.png,image,INTERACTIVE,https://drive.google.com/open?id=12rA3LW1iURC4PHO6XETDfTB3qWHj8v5V&usp=drive_copy,,,,,,,,,,,,,,,,,,,
224,3,What sign prohibits automobiles with a gross weight exceeding 5 tons?,No Entry for Vehicles with Gross Vehicle Mass of More Than 5 Tons.png,image,INTERACTIVE,https://drive.google.com/open?id=1FMY2TBpYjQE3o7f0vkS-Da2nExZ8VL3Z&usp=drive_copy,,,,,,,,,,,,,,,,,,,
225,3,What sign shows the location of service stops including service stations and resting stops?,"Service Sign (With Name of Service, Symbols, and Distance).png",image,INTERACTIVE,https://drive.google.com/open?id=17ce68ST1GOBu2FCu3eTc9qHOL9yUR4OT&usp=drive_copy,,,,,,,,,,,,,,,,,,,
226,3,"The distance sign informs drivers of the distance to an impending exit, in preparation for it.",Exit Advance Sign (With Distance).png,image,INTERACTIVE,https://drive.google.com/open?id=1vsN8LCbPr8I2IomK5IB9tQFUVyAXflLB&usp=drive_copy,,,,,,,,,,,,,,,,,,,
227,3,Which road sign means that the exit ramp is on the right and drivers should take the right lane to exit?,Exit Advance Sign (With Distance and _Right Lane_).png,image,INTERACTIVE,https://drive.google.com/file/d/1ammsbxC-hyRimxKdJzLA8Yk40LE6AWGI/view?usp=drive_link,,,,,,,,,,,,,,,,,,,
228,3,What sign posts both an exit and a destination?,Exit Direction Sign (For Numbered Exits).png,image,INTERACTIVE,https://drive.google.com/file/d/1So6OlDxPPpHB7PQdQLOvLvb1Guvk4jeM/view?usp=drive_link,,,,,,,,,,,,,,,,,,,
229,3,The sign that tells slow-moving cars to use the extreme rightmost lane is:,Slow Vehicles Use Right Lane.png,image,INTERACTIVE,https://drive.google.com/open?id=17nlVF7aj41rQKTnt4CYywGROfBF4cfaN&usp=drive_copy,,,,,,,,,,,,,,,,,,,
,,,,,,,,,,,,,,,,,,,,,,,,,
,,,,,,,,,,,,,,,,,,,,,,,,,
,,,,,,,,,,,,,,,,,,,,,,,,,
,,,,,,,,,,,,,,,,,,,,,,,,,
,,,,,,,,,,,,,,,,,,,,,,,,,
,,,,,,,,,,,,,,,,,,,,,,,,,
,,,,,,,,,,,,,,,,,,,,,,,,,
,,,,,,,,,,,,,,,,,,,,,,,,,
,,,,,,,,,,,,,,,,,,,,,,,,,
,,,,,,,,,,,,,,,,,,,,,,,,,
,,,,,,,,,,,,,,,,,,,,,,,,,
,,,,,,,,,,,,,,,,,,,,,,,,,
,,,,,,,,,,,,,,,,,,,,,,,,,
,,,,,,,,,,,,,,,,,,,,,,,,,
,,,,,,,,,,,,,,,,,,,,,,,,,
,,,,,,,,,,,,,,,,,,,,,,,,,
,,,,,,,,,,,,,,,,,,,,,,,,,
,,,,,,,,,,,,,,,,,,,,,,,,,
,,,,,,,,,,,,,,,,,,,,,,,,,
,,,,,,,,,,,,,,,,,,,,,,,,,
,,,,,,,,,,,,,,,,,,,,,,,,,
,,,,,,,,,,,,,,,,,,,,,,,,,
,,,,,,,,,,,,,,,,,,,,,,,,,
,,,,,,,,,,,,,,,,,,,,,,,,,
,,,,,,,,,,,,,,,,,,,,,,,,,
,,,,,,,,,,,,,,,,,,,,,,,,,
,,,,,,,,,,,,,,,,,,,,,,,,,
,,,,,,,,,,,,,,,,,,,,,,,,,
,,,,,,,,,,,,,,,,,,,,,,,,,
,,,,,,,,,,,,,,,,,,,,,,,,,
,,,,,,,,,,,,,,,,,,,,,,,,,
,,,,,,,,,,,,,,,,,,,,,,,,,
,,,,,,,,,,,,,,,,,,,,,,,,,
,,,,,,,,,,,,,,,,,,,,,,,,,
,,,,,,,,,,,,,,,,,,,,,,,,,
,,,,,,,,,,,,,,,,,,,,,,,,,
,,,,,,,,,,,,,,,,,,,,,,,,,
,,,,,,,,,,,,,,,,,,,,,,,,,
,,,,,,,,,,,,,,,,,,,,,,,,,
,,,,,,,,,,,,,,,,,,,,,,,,,
,,,,,,,,,,,,,,,,,,,,,,,,,
,,,,,,,,,,,,,,,,,,,,,,,,,
,,,,,,,,,,,,,,,,,,,,,,,,,
,,,,,,,,,,,,,,,,,,,,,,,,,
,,,,,,,,,,,,,,,,,,,,,,,,,
,,,,,,,,,,,,,,,,,,,,,,,,,
,,,,,,,,,,,,,,,,,,,,,,,,,
,,,,,,,,,,,,,,,,,,,,,,,,,
,,,,,,,,,,,,,,,,,,,,,,,,,
,,,,,,,,,,,,,,,,,,,,,,,,,
,,,,,,,,,,,,,,,,,,,,,,,,,
,,,,,,,,,,,,,,,,,,,,,,,,,
,,,,,,,,,,,,,,,,,,,,,,,,,
,,,,,,,,,,,,,,,,,,,,,,,,,
,,,,,,,,,,,,,,,,,,,,,,,,,
,,,,,,,,,,,,,,,,,,,,,,,,,
,,,,,,,,,,,,,,,,,,,,,,,,,
,,,,,,,,,,,,,,,,,,,,,,,,,
,,,,,,,,,,,,,,,,,,,,,,,,,
,,,,,,,,,,,,,,,,,,,,,,,,,
,,,,,,,,,,,,,,,,,,,,,,,,,
,,,,,,,,,,,,,,,,,,,,,,,,,
,,,,,,,,,,,,,,,,,,,,,,,,,
,,,,,,,,,,,,,,,,,,,,,,,,,
,,,,,,,,,,,,,,,,,,,,,,,,,
,,,,,,,,,,,,,,,,,,,,,,,,,
,,,,,,,,,,,,,,,,,,,,,,,,,
,,,,,,,,,,,,,,,,,,,,,,,,,
,,,,,,,,,,,,,,,,,,,,,,,,,
,,,,,,,,,,,,,,,,,,,,,,,,,
,,,,,,,,,,,,,,,,,,,,,,,,,
,,,,,,,,,,,,,,,,,,,,,,,,,
,,,,,,,,,,,,,,,,,,,,,,,,,
,,,,,,,,,,,,,,,,,,,,,,,,,
,,,,,,,,,,,,,,,,,,,,,,,,,
,,,,,,,,,,,,,,,,,,,,,,,,,
,,,,,,,,,,,,,,,,,,,,,,,,,
,,,,,,,,,,,,,,,,,,,,,,,,,
,,,,,,,,,,,,,,,,,,,,,,,,,
,,,,,,,,,,,,,,,,,,,,,,,,,
,,,,,,,,,,,,,,,,,,,,,,,,,
,,,,,,,,,,,,,,,,,,,,,,,,,
,,,,,,,,,,,,,,,,,,,,,,,,,
,,,,,,,,,,,,,,,,,,,,,,,,,
,,,,,,,,,,,,,,,,,,,,,,,,,
,,,,,,,,,,,,,,,,,,,,,,,,,
,,,,,,,,,,,,,,,,,,,,,,,,,
,,,,,,,,,,,,,,,,,,,,,,,,,
,,,,,,,,,,,,,,,,,,,,,,,,,
,,,,,,,,,,,,,,,,,,,,,,,,,
,,,,,,,,,,,,,,,,,,,,,,,,,
,,,,,,,,,,,,,,,,,,,,,,,,,
,,,,,,,,,,,,,,,,,,,,,,,,,
,,,,,,,,,,,,,,,,,,,,,,,,,
,,,,,,,,,,,,,,,,,,,,,,,,,
,,,,,,,,,,,,,,,,,,,,,,,,,
,,,,,,,,,,,,,,,,,,,,,,,,,
,,,,,,,,,,,,,,,,,,,,,,,,,
,,,,,,,,,,,,,,,,,,,,,,,,,
,,,,,,,,,,,,,,,,,,,,,,,,,
,,,,,,,,,,,,,,,,,,,,,,,,,
,,,,,,,,,,,,,,,,,,,,,,,,,
,,,,,,,,,,,,,,,,,,,,,,,,,
,,,,,,,,,,,,,,,,,,,,,,,,,
,,,,,,,,,,,,,,,,,,,,,,,,,
,,,,,,,,,,,,,,,,,,,,,,,,,
,,,,,,,,,,,,,,,,,,,,,,,,,
,,,,,,,,,,,,,,,,,,,,,,,,,
,,,,,,,,,,,,,,,,,,,,,,,,,
,,,,,,,,,,,,,,,,,,,,,,,,,
,,,,,,,,,,,,,,,,,,,,,,,,,
,,,,,,,,,,,,,,,,,,,,,,,,,
,,,,,,,,,,,,,,,,,,,,,,,,,
,,,,,,,,,,,,,,,,,,,,,,,,,
,,,,,,,,,,,,,,,,,,,,,,,,,
,,,,,,,,,,,,,,,,,,,,,,,,,
,,,,,,,,,,,,,,,,,,,,,,,,,
,,,,,,,,,,,,,,,,,,,,,,,,,
,,,,,,,,,,,,,,,,,,,,,,,,,
,,,,,,,,,,,,,,,,,,,,,,,,,
,,,,,,,,,,,,,,,,,,,,,,,,,
,,,,,,,,,,,,,,,,,,,,,,,,,
,,,,,,,,,,,,,,,,,,,,,,,,,
,,,,,,,,,,,,,,,,,,,,,,,,,
,,,,,,,,,,,,,,,,,,,,,,,,,
,,,,,,,,,,,,,,,,,,,,,,,,,
,,,,,,,,,,,,,,,,,,,,,,,,,
,,,,,,,,,,,,,,,,,,,,,,,,,
,,,,,,,,,,,,,,,,,,,,,,,,,
,,,,,,,,,,,,,,,,,,,,,,,,,
,,,,,,,,,,,,,,,,,,,,,,,,,
,,,,,,,,,,,,,,,,,,,,,,,,,
,,,,,,,,,,,,,,,,,,,,,,,,,
,,,,,,,,,,,,,,,,,,,,,,,,,
,,,,,,,,,,,,,,,,,,,,,,,,,
,,,,,,,,,,,,,,,,,,,,,,,,,
,,,,,,,,,,,,,,,,,,,,,,,,,
,,,,,,,,,,,,,,,,,,,,,,,,,
,,,,,,,,,,,,,,,,,,,,,,,,,
,,,,,,,,,,,,,,,,,,,,,,,,,
,,,,,,,,,,,,,,,,,,,,,,,,,
,,,,,,,,,,,,,,,,,,,,,,,,,
,,,,,,,,,,,,,,,,,,,,,,,,,
,,,,,,,,,,,,,,,,,,,,,,,,,
,,,,,,,,,,,,,,,,,,,,,,,,,
,,,,,,,,,,,,,,,,,,,,,,,,,
,,,,,,,,,,,,,,,,,,,,,,,,,
,,,,,,,,,,,,,,,,,,,,,,,,,
,,,,,,,,,,,,,,,,,,,,,,,,,
,,,,,,,,,,,,,,,,,,,,,,,,,
,,,,,,,,,,,,,,,,,,,,,,,,,
,,,,,,,,,,,,,,,,,,,,,,,,,
,,,,,,,,,,,,,,,,,,,,,,,,,
,,,,,,,,,,,,,,,,,,,,,,,,,
,,,,,,,,,,,,,,,,,,,,,,,,,
,,,,,,,,,,,,,,,,,,,,,,,,,
,,,,,,,,,,,,,,,,,,,,,,,,,
,,,,,,,,,,,,,,,,,,,,,,,,,
,,,,,,,,,,,,,,,,,,,,,,,,,
,,,,,,,,,,,,,,,,,,,,,,,,,
,,,,,,,,,,,,,,,,,,,,,,,,,
,,,,,,,,,,,,,,,,,,,,,,,,,
,,,,,,,,,,,,,,,,,,,,,,,,,
,,,,,,,,,,,,,,,,,,,,,,,,,
,,,,,,,,,,,,,,,,,,,,,,,,,
,,,,,,,,,,,,,,,,,,,,,,,,,
,,,,,,,,,,,,,,,,,,,,,,,,,
,,,,,,,,,,,,,,,,,,,,,,,,,
,,,,,,,,,,,,,,,,,,,,,,,,,
,,,,,,,,,,,,,,,,,,,,,,,,,
,,,,,,,,,,,,,,,,,,,,,,,,,
,,,,,,,,,,,,,,,,,,,,,,,,,
,,,,,,,,,,,,,,,,,,,,,,,,,
,,,,,,,,,,,,,,,,,,,,,,,,,
,,,,,,,,,,,,,,,,,,,,,,,,,
,,,,,,,,,,,,,,,,,,,,,,,,,
,,,,,,,,,,,,,,,,,,,,,,,,,
,,,,,,,,,,,,,,,,,,,,,,,,,
,,,,,,,,,,,,,,,,,,,,,,,,,
,,,,,,,,,,,,,,,,,,,,,,,,,
,,,,,,,,,,,,,,,,,,,,,,,,,
,,,,,,,,,,,,,,,,,,,,,,,,,
,,,,,,,,,,,,,,,,,,,,,,,,,
,,,,,,,,,,,,,,,,,,,,,,,,,
,,,,,,,,,,,,,,,,,,,,,,,,,
,,,,,,,,,,,,,,,,,,,,,,,,,
,,,,,,,,,,,,,,,,,,,,,,,,,
,,,,,,,,,,,,,,,,,,,,,,,,,
,,,,,,,,,,,,,,,,,,,,,,,,,
,,,,,,,,,,,,,,,,,,,,,,,,,
,,,,,,,,,,,,,,,,,,,,,,,,,
,,,,,,,,,,,,,,,,,,,,,,,,,
,,,,,,,,,,,,,,,,,,,,,,,,,
,,,,,,,,,,,,,,,,,,,,,,,,,
,,,,,,,,,,,,,,,,,,,,,,,,,
,,,,,,,,,,,,,,,,,,,,,,,,,
,,,,,,,,,,,,,,,,,,,,,,,,,
,,,,,,,,,,,,,,,,,,,,,,,,,
,,,,,,,,,,,,,,,,,,,,,,,,,
,,,,,,,,,,,,,,,,,,,,,,,,,
,,,,,,,,,,,,,,,,,,,,,,,,,
,,,,,,,,,,,,,,,,,,,,,,,,,
,,,,,,,,,,,,,,,,,,,,,,,,,
,,,,,,,,,,,,,,,,,,,,,,,,,
,,,,,,,,,,,,,,,,,,,,,,,,,
,,,,,,,,,,,,,,,,,,,,,,,,,
,,,,,,,,,,,,,,,,,,,,,,,,,
,,,,,,,,,,,,,,,,,,,,,,,,,
,,,,,,,,,,,,,,,,,,,,,,,,,
,,,,,,,,,,,,,,,,,,,,,,,,,
,,,,,,,,,,,,,,,,,,,,,,,,,
,,,,,,,,,,,,,,,,,,,,,,,,,
,,,,,,,,,,,,,,,,,,,,,,,,,
,,,,,,,,,,,,,,,,,,,,,,,,,
,,,,,,,,,,,,,,,,,,,,,,,,,
,,,,,,,,,,,,,,,,,,,,,,,,,
,,,,,,,,,,,,,,,,,,,,,,,,,
,,,,,,,,,,,,,,,,,,,,,,,,,
,,,,,,,,,,,,,,,,,,,,,,,,,
,,,,,,,,,,,,,,,,,,,,,,,,,
,,,,,,,,,,,,,,,,,,,,,,,,,
,,,,,,,,,,,,,,,,,,,,,,,,,
,,,,,,,,,,,,,,,,,,,,,,,,,
,,,,,,,,,,,,,,,,,,,,,,,,,
,,,,,,,,,,,,,,,,,,,,,,,,,
,,,,,,,,,,,,,,,,,,,,,,,,,
,,,,,,,,,,,,,,,,,,,,,,,,,
,,,,,,,,,,,,,,,,,,,,,,,,,
,,,,,,,,,,,,,,,,,,,,,,,,,
,,,,,,,,,,,,,,,,,,,,,,,,,
,,,,,,,,,,,,,,,,,,,,,,,,,
,,,,,,,,,,,,,,,,,,,,,,,,,
,,,,,,,,,,,,,,,,,,,,,,,,,
,,,,,,,,,,,,,,,,,,,,,,,,,
,,,,,,,,,,,,,,,,,,,,,,,,,
,,,,,,,,,,,,,,,,,,,,,,,,,
,,,,,,,,,,,,,,,,,,,,,,,,,
,,,,,,,,,,,,,,,,,,,,,,,,,
,,,,,,,,,,,,,,,,,,,,,,,,,
,,,,,,,,,,,,,,,,,,,,,,,,,
,,,,,,,,,,,,,,,,,,,,,,,,,
,,,,,,,,,,,,,,,,,,,,,,,,,
,,,,,,,,,,,,,,,,,,,,,,,,,
,,,,,,,,,,,,,,,,,,,,,,,,,
,,,,,,,,,,,,,,,,,,,,,,,,,
,,,,,,,,,,,,,,,,,,,,,,,,,
,,,,,,,,,,,,,,,,,,,,,,,,,
,,,,,,,,,,,,,,,,,,,,,,,,,
,,,,,,,,,,,,,,,,,,,,,,,,,
,,,,,,,,,,,,,,,,,,,,,,,,,
,,,,,,,,,,,,,,,,,,,,,,,,,
,,,,,,,,,,,,,,,,,,,,,,,,,
,,,,,,,,,,,,,,,,,,,,,,,,,
,,,,,,,,,,,,,,,,,,,,,,,,,
,,,,,,,,,,,,,,,,,,,,,,,,,
,,,,,,,,,,,,,,,,,,,,,,,,,
,,,,,,,,,,,,,,,,,,,,,,,,,
,,,,,,,,,,,,,,,,,,,,,,,,,
,,,,,,,,,,,,,,,,,,,,,,,,,
,,,,,,,,,,,,,,,,,,,,,,,,,
,,,,,,,,,,,,,,,,,,,,,,,,,
,,,,,,,,,,,,,,,,,,,,,,,,,
,,,,,,,,,,,,,,,,,,,,,,,,,
,,,,,,,,,,,,,,,,,,,,,,,,,
,,,,,,,,,,,,,,,,,,,,,,,,,
,,,,,,,,,,,,,,,,,,,,,,,,,
,,,,,,,,,,,,,,,,,,,,,,,,,
,,,,,,,,,,,,,,,,,,,,,,,,,
,,,,,,,,,,,,,,,,,,,,,,,,,
,,,,,,,,,,,,,,,,,,,,,,,,,
,,,,,,,,,,,,,,,,,,,,,,,,,
,,,,,,,,,,,,,,,,,,,,,,,,,
,,,,,,,,,,,,,,,,,,,,,,,,,
,,,,,,,,,,,,,,,,,,,,,,,,,
,,,,,,,,,,,,,,,,,,,,,,,,,
,,,,,,,,,,,,,,,,,,,,,,,,,
,,,,,,,,,,,,,,,,,,,,,,,,,
,,,,,,,,,,,,,,,,,,,,,,,,,
,,,,,,,,,,,,,,,,,,,,,,,,,
,,,,,,,,,,,,,,,,,,,,,,,,,
,,,,,,,,,,,,,,,,,,,,,,,,,
,,,,,,,,,,,,,,,,,,,,,,,,,
,,,,,,,,,,,,,,,,,,,,,,,,,
,,,,,,,,,,,,,,,,,,,,,,,,,
,,,,,,,,,,,,,,,,,,,,,,,,,
,,,,,,,,,,,,,,,,,,,,,,,,,
,,,,,,,,,,,,,,,,,,,,,,,,,
,,,,,,,,,,,,,,,,,,,,,,,,,
,,,,,,,,,,,,,,,,,,,,,,,,,
,,,,,,,,,,,,,,,,,,,,,,,,,
,,,,,,,,,,,,,,,,,,,,,,,,,
,,,,,,,,,,,,,,,,,,,,,,,,,
,,,,,,,,,,,,,,,,,,,,,,,,,
,,,,,,,,,,,,,,,,,,,,,,,,,
,,,,,,,,,,,,,,,,,,,,,,,,,
,,,,,,,,,,,,,,,,,,,,,,,,,
,,,,,,,,,,,,,,,,,,,,,,,,,
,,,,,,,,,,,,,,,,,,,,,,,,,
,,,,,,,,,,,,,,,,,,,,,,,,,
,,,,,,,,,,,,,,,,,,,,,,,,,
,,,,,,,,,,,,,,,,,,,,,,,,,
,,,,,,,,,,,,,,,,,,,,,,,,,
,,,,,,,,,,,,,,,,,,,,,,,,,
,,,,,,,,,,,,,,,,,,,,,,,,,
,,,,,,,,,,,,,,,,,,,,,,,,,
,,,,,,,,,,,,,,,,,,,,,,,,,
,,,,,,,,,,,,,,,,,,,,,,,,,
,,,,,,,,,,,,,,,,,,,,,,,,,
,,,,,,,,,,,,,,,,,,,,,,,,,
,,,,,,,,,,,,,,,,,,,,,,,,,
,,,,,,,,,,,,,,,,,,,,,,,,,
,,,,,,,,,,,,,,,,,,,,,,,,,
,,,,,,,,,,,,,,,,,,,,,,,,,
,,,,,,,,,,,,,,,,,,,,,,,,,
,,,,,,,,,,,,,,,,,,,,,,,,,
,,,,,,,,,,,,,,,,,,,,,,,,,
,,,,,,,,,,,,,,,,,,,,,,,,,
,,,,,,,,,,,,,,,,,,,,,,,,,
,,,,,,,,,,,,,,,,,,,,,,,,,
,,,,,,,,,,,,,,,,,,,,,,,,,
,,,,,,,,,,,,,,,,,,,,,,,,,
,,,,,,,,,,,,,,,,,,,,,,,,,
,,,,,,,,,,,,,,,,,,,,,,,,,
,,,,,,,,,,,,,,,,,,,,,,,,,
,,,,,,,,,,,,,,,,,,,,,,,,,
,,,,,,,,,,,,,,,,,,,,,,,,,
,,,,,,,,,,,,,,,,,,,,,,,,,
,,,,,,,,,,,,,,,,,,,,,,,,,
,,,,,,,,,,,,,,,,,,,,,,,,,
,,,,,,,,,,,,,,,,,,,,,,,,,
,,,,,,,,,,,,,,,,,,,,,,,,,
,,,,,,,,,,,,,,,,,,,,,,,,,
,,,,,,,,,,,,,,,,,,,,,,,,,
,,,,,,,,,,,,,,,,,,,,,,,,,
,,,,,,,,,,,,,,,,,,,,,,,,,
,,,,,,,,,,,,,,,,,,,,,,,,,
,,,,,,,,,,,,,,,,,,,,,,,,,
,,,,,,,,,,,,,,,,,,,,,,,,,
,,,,,,,,,,,,,,,,,,,,,,,,,
,,,,,,,,,,,,,,,,,,,,,,,,,
,,,,,,,,,,,,,,,,,,,,,,,,,
,,,,,,,,,,,,,,,,,,,,,,,,,
,,,,,,,,,,,,,,,,,,,,,,,,,
,,,,,,,,,,,,,,,,,,,,,,,,,
,,,,,,,,,,,,,,,,,,,,,,,,,
,,,,,,,,,,,,,,,,,,,,,,,,,
,,,,,,,,,,,,,,,,,,,,,,,,,
,,,,,,,,,,,,,,,,,,,,,,,,,
,,,,,,,,,,,,,,,,,,,,,,,,,
,,,,,,,,,,,,,,,,,,,,,,,,,
,,,,,,,,,,,,,,,,,,,,,,,,,
,,,,,,,,,,,,,,,,,,,,,,,,,
,,,,,,,,,,,,,,,,,,,,,,,,,
,,,,,,,,,,,,,,,,,,,,,,,,,
,,,,,,,,,,,,,,,,,,,,,,,,,
,,,,,,,,,,,,,,,,,,,,,,,,,
,,,,,,,,,,,,,,,,,,,,,,,,,
,,,,,,,,,,,,,,,,,,,,,,,,,
,,,,,,,,,,,,,,,,,,,,,,,,,
,,,,,,,,,,,,,,,,,,,,,,,,,
,,,,,,,,,,,,,,,,,,,,,,,,,
,,,,,,,,,,,,,,,,,,,,,,,,,
,,,,,,,,,,,,,,,,,,,,,,,,,
,,,,,,,,,,,,,,,,,,,,,,,,,
,,,,,,,,,,,,,,,,,,,,,,,,,
,,,,,,,,,,,,,,,,,,,,,,,,,
,,,,,,,,,,,,,,,,,,,,,,,,,
,,,,,,,,,,,,,,,,,,,,,,,,,
,,,,,,,,,,,,,,,,,,,,,,,,,
,,,,,,,,,,,,,,,,,,,,,,,,,
,,,,,,,,,,,,,,,,,,,,,,,,,
,,,,,,,,,,,,,,,,,,,,,,,,,
,,,,,,,,,,,,,,,,,,,,,,,,,
,,,,,,,,,,,,,,,,,,,,,,,,,
,,,,,,,,,,,,,,,,,,,,,,,,,
,,,,,,,,,,,,,,,,,,,,,,,,,
,,,,,,,,,,,,,,,,,,,,,,,,,
,,,,,,,,,,,,,,,,,,,,,,,,,
,,,,,,,,,,,,,,,,,,,,,,,,,
,,,,,,,,,,,,,,,,,,,,,,,,,
,,,,,,,,,,,,,,,,,,,,,,,,,
,,,,,,,,,,,,,,,,,,,,,,,,,
,,,,,,,,,,,,,,,,,,,,,,,,,
,,,,,,,,,,,,,,,,,,,,,,,,,
,,,,,,,,,,,,,,,,,,,,,,,,,
,,,,,,,,,,,,,,,,,,,,,,,,,
,,,,,,,,,,,,,,,,,,,,,,,,,
,,,,,,,,,,,,,,,,,,,,,,,,,
,,,,,,,,,,,,,,,,,,,,,,,,,
,,,,,,,,,,,,,,,,,,,,,,,,,
,,,,,,,,,,,,,,,,,,,,,,,,,
,,,,,,,,,,,,,,,,,,,,,,,,,
,,,,,,,,,,,,,,,,,,,,,,,,,
,,,,,,,,,,,,,,,,,,,,,,,,,
,,,,,,,,,,,,,,,,,,,,,,,,,
,,,,,,,,,,,,,,,,,,,,,,,,,
,,,,,,,,,,,,,,,,,,,,,,,,,
,,,,,,,,,,,,,,,,,,,,,,,,,
,,,,,,,,,,,,,,,,,,,,,,,,,
,,,,,,,,,,,,,,,,,,,,,,,,,
,,,,,,,,,,,,,,,,,,,,,,,,,
,,,,,,,,,,,,,,,,,,,,,,,,,
,,,,,,,,,,,,,,,,,,,,,,,,,
,,,,,,,,,,,,,,,,,,,,,,,,,
,,,,,,,,,,,,,,,,,,,,,,,,,
,,,,,,,,,,,,,,,,,,,,,,,,,
,,,,,,,,,,,,,,,,,,,,,,,,,
,,,,,,,,,,,,,,,,,,,,,,,,,
,,,,,,,,,,,,,,,,,,,,,,,,,
,,,,,,,,,,,,,,,,,,,,,,,,,
,,,,,,,,,,,,,,,,,,,,,,,,,
,,,,,,,,,,,,,,,,,,,,,,,,,
,,,,,,,,,,,,,,,,,,,,,,,,,
,,,,,,,,,,,,,,,,,,,,,,,,,
,,,,,,,,,,,,,,,,,,,,,,,,,
,,,,,,,,,,,,,,,,,,,,,,,,,
,,,,,,,,,,,,,,,,,,,,,,,,,
,,,,,,,,,,,,,,,,,,,,,,,,,
,,,,,,,,,,,,,,,,,,,,,,,,,
,,,,,,,,,,,,,,,,,,,,,,,,,
,,,,,,,,,,,,,,,,,,,,,,,,,
,,,,,,,,,,,,,,,,,,,,,,,,,
,,,,,,,,,,,,,,,,,,,,,,,,,
,,,,,,,,,,,,,,,,,,,,,,,,,
,,,,,,,,,,,,,,,,,,,,,,,,,
,,,,,,,,,,,,,,,,,,,,,,,,,
,,,,,,,,,,,,,,,,,,,,,,,,,
,,,,,,,,,,,,,,,,,,,,,,,,,
,,,,,,,,,,,,,,,,,,,,,,,,,
,,,,,,,,,,,,,,,,,,,,,,,,,
,,,,,,,,,,,,,,,,,,,,,,,,,
,,,,,,,,,,,,,,,,,,,,,,,,,
,,,,,,,,,,,,,,,,,,,,,,,,,
,,,,,,,,,,,,,,,,,,,,,,,,,
,,,,,,,,,,,,,,,,,,,,,,,,,
,,,,,,,,,,,,,,,,,,,,,,,,,
,,,,,,,,,,,,,,,,,,,,,,,,,
,,,,,,,,,,,,,,,,,,,,,,,,,
,,,,,,,,,,,,,,,,,,,,,,,,,
,,,,,,,,,,,,,,,,,,,,,,,,,
,,,,,,,,,,,,,,,,,,,,,,,,,
,,,,,,,,,,,,,,,,,,,,,,,,,
,,,,,,,,,,,,,,,,,,,,,,,,,
,,,,,,,,,,,,,,,,,,,,,,,,,
,,,,,,,,,,,,,,,,,,,,,,,,,
,,,,,,,,,,,,,,,,,,,,,,,,,
,,,,,,,,,,,,,,,,,,,,,,,,,
,,,,,,,,,,,,,,,,,,,,,,,,,
,,,,,,,,,,,,,,,,,,,,,,,,,
,,,,,,,,,,,,,,,,,,,,,,,,,
,,,,,,,,,,,,,,,,,,,,,,,,,
,,,,,,,,,,,,,,,,,,,,,,,,,
,,,,,,,,,,,,,,,,,,,,,,,,,
,,,,,,,,,,,,,,,,,,,,,,,,,
,,,,,,,,,,,,,,,,,,,,,,,,,
,,,,,,,,,,,,,,,,,,,,,,,,,
,,,,,,,,,,,,,,,,,,,,,,,,,
,,,,,,,,,,,,,,,,,,,,,,,,,
,,,,,,,,,,,,,,,,,,,,,,,,,
,,,,,,,,,,,,,,,,,,,,,,,,,
,,,,,,,,,,,,,,,,,,,,,,,,,
,,,,,,,,,,,,,,,,,,,,,,,,,
,,,,,,,,,,,,,,,,,,,,,,,,,
,,,,,,,,,,,,,,,,,,,,,,,,,
,,,,,,,,,,,,,,,,,,,,,,,,,
,,,,,,,,,,,,,,,,,,,,,,,,,
,,,,,,,,,,,,,,,,,,,,,,,,,
,,,,,,,,,,,,,,,,,,,,,,,,,
,,,,,,,,,,,,,,,,,,,,,,,,,
,,,,,,,,,,,,,,,,,,,,,,,,,
,,,,,,,,,,,,,,,,,,,,,,,,,
,,,,,,,,,,,,,,,,,,,,,,,,,
,,,,,,,,,,,,,,,,,,,,,,,,,
,,,,,,,,,,,,,,,,,,,,,,,,,
,,,,,,,,,,,,,,,,,,,,,,,,,
,,,,,,,,,,,,,,,,,,,,,,,,,
,,,,,,,,,,,,,,,,,,,,,,,,,
,,,,,,,,,,,,,,,,,,,,,,,,,
,,,,,,,,,,,,,,,,,,,,,,,,,
,,,,,,,,,,,,,,,,,,,,,,,,,
,,,,,,,,,,,,,,,,,,,,,,,,,
,,,,,,,,,,,,,,,,,,,,,,,,,
,,,,,,,,,,,,,,,,,,,,,,,,,
,,,,,,,,,,,,,,,,,,,,,,,,,
,,,,,,,,,,,,,,,,,,,,,,,,,
,,,,,,,,,,,,,,,,,,,,,,,,,
,,,,,,,,,,,,,,,,,,,,,,,,,
,,,,,,,,,,,,,,,,,,,,,,,,,
,,,,,,,,,,,,,,,,,,,,,,,,,
,,,,,,,,,,,,,,,,,,,,,,,,,
,,,,,,,,,,,,,,,,,,,,,,,,,
,,,,,,,,,,,,,,,,,,,,,,,,,
,,,,,,,,,,,,,,,,,,,,,,,,,
,,,,,,,,,,,,,,,,,,,,,,,,,
,,,,,,,,,,,,,,,,,,,,,,,,,
,,,,,,,,,,,,,,,,,,,,,,,,,
,,,,,,,,,,,,,,,,,,,,,,,,,
,,,,,,,,,,,,,,,,,,,,,,,,,
,,,,,,,,,,,,,,,,,,,,,,,,,
,,,,,,,,,,,,,,,,,,,,,,,,,
,,,,,,,,,,,,,,,,,,,,,,,,,
,,,,,,,,,,,,,,,,,,,,,,,,,
,,,,,,,,,,,,,,,,,,,,,,,,,
,,,,,,,,,,,,,,,,,,,,,,,,,
,,,,,,,,,,,,,,,,,,,,,,,,,
,,,,,,,,,,,,,,,,,,,,,,,,,
,,,,,,,,,,,,,,,,,,,,,,,,,
,,,,,,,,,,,,,,,,,,,,,,,,,
,,,,,,,,,,,,,,,,,,,,,,,,,
,,,,,,,,,,,,,,,,,,,,,,,,,
,,,,,,,,,,,,,,,,,,,,,,,,,
,,,,,,,,,,,,,,,,,,,,,,,,,
,,,,,,,,,,,,,,,,,,,,,,,,,
,,,,,,,,,,,,,,,,,,,,,,,,,
,,,,,,,,,,,,,,,,,,,,,,,,,
,,,,,,,,,,,,,,,,,,,,,,,,,
,,,,,,,,,,,,,,,,,,,,,,,,,
,,,,,,,,,,,,,,,,,,,,,,,,,
,,,,,,,,,,,,,,,,,,,,,,,,,
,,,,,,,,,,,,,,,,,,,,,,,,,
,,,,,,,,,,,,,,,,,,,,,,,,,
,,,,,,,,,,,,,,,,,,,,,,,,,
,,,,,,,,,,,,,,,,,,,,,,,,,
,,,,,,,,,,,,,,,,,,,,,,,,,
,,,,,,,,,,,,,,,,,,,,,,,,,
,,,,,,,,,,,,,,,,,,,,,,,,,
,,,,,,,,,,,,,,,,,,,,,,,,,
,,,,,,,,,,,,,,,,,,,,,,,,,
,,,,,,,,,,,,,,,,,,,,,,,,,
,,,,,,,,,,,,,,,,,,,,,,,,,
,,,,,,,,,,,,,,,,,,,,,,,,,
,,,,,,,,,,,,,,,,,,,,,,,,,
,,,,,,,,,,,,,,,,,,,,,,,,,
,,,,,,,,,,,,,,,,,,,,,,,,,
,,,,,,,,,,,,,,,,,,,,,,,,,
,,,,,,,,,,,,,,,,,,,,,,,,,
,,,,,,,,,,,,,,,,,,,,,,,,,
,,,,,,,,,,,,,,,,,,,,,,,,,
,,,,,,,,,,,,,,,,,,,,,,,,,
,,,,,,,,,,,,,,,,,,,,,,,,,
,,,,,,,,,,,,,,,,,,,,,,,,,
,,,,,,,,,,,,,,,,,,,,,,,,,
,,,,,,,,,,,,,,,,,,,,,,,,,
,,,,,,,,,,,,,,,,,,,,,,,,,
,,,,,,,,,,,,,,,,,,,,,,,,,
,,,,,,,,,,,,,,,,,,,,,,,,,
,,,,,,,,,,,,,,,,,,,,,,,,,
,,,,,,,,,,,,,,,,,,,,,,,,,
,,,,,,,,,,,,,,,,,,,,,,,,,
,,,,,,,,,,,,,,,,,,,,,,,,,
,,,,,,,,,,,,,,,,,,,,,,,,,
,,,,,,,,,,,,,,,,,,,,,,,,,
,,,,,,,,,,,,,,,,,,,,,,,,,
,,,,,,,,,,,,,,,,,,,,,,,,,
,,,,,,,,,,,,,,,,,,,,,,,,,
,,,,,,,,,,,,,,,,,,,,,,,,,
,,,,,,,,,,,,,,,,,,,,,,,,,
,,,,,,,,,,,,,,,,,,,,,,,,,
,,,,,,,,,,,,,,,,,,,,,,,,,
,,,,,,,,,,,,,,,,,,,,,,,,,
,,,,,,,,,,,,,,,,,,,,,,,,,
,,,,,,,,,,,,,,,,,,,,,,,,,
,,,,,,,,,,,,,,,,,,,,,,,,,
,,,,,,,,,,,,,,,,,,,,,,,,,
,,,,,,,,,,,,,,,,,,,,,,,,,
,,,,,,,,,,,,,,,,,,,,,,,,,
,,,,,,,,,,,,,,,,,,,,,,,,,
,,,,,,,,,,,,,,,,,,,,,,,,,
,,,,,,,,,,,,,,,,,,,,,,,,,
,,,,,,,,,,,,,,,,,,,,,,,,,
,,,,,,,,,,,,,,,,,,,,,,,,,
,,,,,,,,,,,,,,,,,,,,,,,,,
,,,,,,,,,,,,,,,,,,,,,,,,,
,,,,,,,,,,,,,,,,,,,,,,,,,
,,,,,,,,,,,,,,,,,,,,,,,,,
,,,,,,,,,,,,,,,,,,,,,,,,,
,,,,,,,,,,,,,,,,,,,,,,,,,
,,,,,,,,,,,,,,,,,,,,,,,,,
,,,,,,,,,,,,,,,,,,,,,,,,,
,,,,,,,,,,,,,,,,,,,,,,,,,
,,,,,,,,,,,,,,,,,,,,,,,,,
,,,,,,,,,,,,,,,,,,,,,,,,,
,,,,,,,,,,,,,,,,,,,,,,,,,
,,,,,,,,,,,,,,,,,,,,,,,,,
,,,,,,,,,,,,,,,,,,,,,,,,,
,,,,,,,,,,,,,,,,,,,,,,,,,
,,,,,,,,,,,,,,,,,,,,,,,,,
,,,,,,,,,,,,,,,,,,,,,,,,,
,,,,,,,,,,,,,,,,,,,,,,,,,
,,,,,,,,,,,,,,,,,,,,,,,,,
,,,,,,,,,,,,,,,,,,,,,,,,,
,,,,,,,,,,,,,,,,,,,,,,,,,
,,,,,,,,,,,,,,,,,,,,,,,,,
,,,,,,,,,,,,,,,,,,,,,,,,,
,,,,,,,,,,,,,,,,,,,,,,,,,
,,,,,,,,,,,,,,,,,,,,,,,,,
,,,,,,,,,,,,,,,,,,,,,,,,,
,,,,,,,,,,,,,,,,,,,,,,,,,
,,,,,,,,,,,,,,,,,,,,,,,,,
,,,,,,,,,,,,,,,,,,,,,,,,,
,,,,,,,,,,,,,,,,,,,,,,,,,
,,,,,,,,,,,,,,,,,,,,,,,,,
,,,,,,,,,,,,,,,,,,,,,,,,,
,,,,,,,,,,,,,,,,,,,,,,,,,
,,,,,,,,,,,,,,,,,,,,,,,,,
,,,,,,,,,,,,,,,,,,,,,,,,,
,,,,,,,,,,,,,,,,,,,,,,,,,
,,,,,,,,,,,,,,,,,,,,,,,,,
,,,,,,,,,,,,,,,,,,,,,,,,,
,,,,,,,,,,,,,,,,,,,,,,,,,
,,,,,,,,,,,,,,,,,,,,,,,,,
,,,,,,,,,,,,,,,,,,,,,,,,,
,,,,,,,,,,,,,,,,,,,,,,,,,
,,,,,,,,,,,,,,,,,,,,,,,,,
,,,,,,,,,,,,,,,,,,,,,,,,,
,,,,,,,,,,,,,,,,,,,,,,,,,
,,,,,,,,,,,,,,,,,,,,,,,,,
,,,,,,,,,,,,,,,,,,,,,,,,,
,,,,,,,,,,,,,,,,,,,,,,,,,
,,,,,,,,,,,,,,,,,,,,,,,,,
,,,,,,,,,,,,,,,,,,,,,,,,,
,,,,,,,,,,,,,,,,,,,,,,,,,
,,,,,,,,,,,,,,,,,,,,,,,,,
,,,,,,,,,,,,,,,,,,,,,,,,,
,,,,,,,,,,,,,,,,,,,,,,,,,
,,,,,,,,,,,,,,,,,,,,,,,,,
,,,,,,,,,,,,,,,,,,,,,,,,,
,,,,,,,,,,,,,,,,,,,,,,,,,
,,,,,,,,,,,,,,,,,,,,,,,,,
,,,,,,,,,,,,,,,,,,,,,,,,,
,,,,,,,,,,,,,,,,,,,,,,,,,
,,,,,,,,,,,,,,,,,,,,,,,,,
,,,,,,,,,,,,,,,,,,,,,,,,,
,,,,,,,,,,,,,,,,,,,,,,,,,
,,,,,,,,,,,,,,,,,,,,,,,,,
,,,,,,,,,,,,,,,,,,,,,,,,,
,,,,,,,,,,,,,,,,,,,,,,,,,
,,,,,,,,,,,,,,,,,,,,,,,,,
,,,,,,,,,,,,,,,,,,,,,,,,,
,,,,,,,,,,,,,,,,,,,,,,,,,
,,,,,,,,,,,,,,,,,,,,,,,,,
,,,,,,,,,,,,,,,,,,,,,,,,,
,,,,,,,,,,,,,,,,,,,,,,,,,
,,,,,,,,,,,,,,,,,,,,,,,,,
,,,,,,,,,,,,,,,,,,,,,,,,,
,,,,,,,,,,,,,,,,,,,,,,,,,
,,,,,,,,,,,,,,,,,,,,,,,,,
,,,,,,,,,,,,,,,,,,,,,,,,,
,,,,,,,,,,,,,,,,,,,,,,,,,
,,,,,,,,,,,,,,,,,,,,,,,,,
,,,,,,,,,,,,,,,,,,,,,,,,,
,,,,,,,,,,,,,,,,,,,,,,,,,
,,,,,,,,,,,,,,,,,,,,,,,,,
,,,,,,,,,,,,,,,,,,,,,,,,,
,,,,,,,,,,,,,,,,,,,,,,,,,
,,,,,,,,,,,,,,,,,,,,,,,,,
,,,,,,,,,,,,,,,,,,,,,,,,,
,,,,,,,,,,,,,,,,,,,,,,,,,
,,,,,,,,,,,,,,,,,,,,,,,,,
,,,,,,,,,,,,,,,,,,,,,,,,,
,,,,,,,,,,,,,,,,,,,,,,,,,
,,,,,,,,,,,,,,,,,,,,,,,,,
,,,,,,,,,,,,,,,,,,,,,,,,,
